mean_fit_time;std_fit_time;mean_score_time;std_score_time;param_SelectKBest__k;param_model__max_depth;param_model__min_samples_leaf;param_model__min_samples_split;param_model__n_estimators;params;split0_test_score;split1_test_score;split2_test_score;split3_test_score;split4_test_score;mean_test_score;std_test_score;rank_test_score
0,19816980361938477;0,07171024697902008;0,00859971046447754;0,0004898434520411503;20;8;1;2;50;{'SelectKBest__k': 20, 'model__max_depth': 8, 'model__min_samples_leaf': 1, 'model__min_samples_split': 2, 'model__n_estimators': 50};0,41019417475728154;0,4344660194174757;0,6577669902912622;0,5169902912621359;0,4684466019417476;0,4975728155339806;0,08775539059011006;176
0,36481056213378904;0,12364544443566389;0,014200162887573243;0,0007471945365858906;20;8;1;2;100;{'SelectKBest__k': 20, 'model__max_depth': 8, 'model__min_samples_leaf': 1, 'model__min_samples_split': 2, 'model__n_estimators': 100};0,4029126213592233;0,4368932038834951;0,662621359223301;0,5048543689320388;0,46601941747572817;0,49466019417475715;0,0904320856092817;213
0,7239736080169678;0,2552692663110504;0,024898242950439454;0,0012777468342036358;20;8;1;2;200;{'SelectKBest__k': 20, 'model__max_depth': 8, 'model__min_samples_leaf': 1, 'model__min_samples_split': 2, 'model__n_estimators': 200};0,4053398058252427;0,5048543689320388;0,6456310679611651;0,5121359223300971;0,47815533980582525;0,5092233009708738;0,07796364357858744;72
0,8934594631195069;0,3184889009805619;0,031000089645385743;0,002367167341433965;20;8;1;2;250;{'SelectKBest__k': 20, 'model__max_depth': 8, 'model__min_samples_leaf': 1, 'model__min_samples_split': 2, 'model__n_estimators': 250};0,4077669902912621;0,44660194174757284;0,6383495145631068;0,5097087378640777;0,470873786407767;0,49466019417475726;0,07911876789079356;210
1,0754519939422607;0,37632589267703714;0,03519959449768066;0,0019391528123783384;20;8;1;2;300;{'SelectKBest__k': 20, 'model__max_depth': 8, 'model__min_samples_leaf': 1, 'model__min_samples_split': 2, 'model__n_estimators': 300};0,41019417475728154;0,45145631067961167;0,6577669902912622;0,5048543689320388;0,4733009708737864;0,49951456310679604;0,0849084495854772;159
0,19003763198852539;0,06880242382602118;0,009077978134155274;0,0008179728795836378;20;8;2;2;50;{'SelectKBest__k': 20, 'model__max_depth': 8, 'model__min_samples_leaf': 2, 'model__min_samples_split': 2, 'model__n_estimators': 50};0,4077669902912621;0,5315533980582524;0,6504854368932039;0,5;0,47815533980582525;0,5135922330097087;0,07962644901531275;38
0,3759345054626465;0,1324349922782892;0,014148235321044922;0,0008068564780587292;20;8;2;2;100;{'SelectKBest__k': 20, 'model__max_depth': 8, 'model__min_samples_leaf': 2, 'model__min_samples_split': 2, 'model__n_estimators': 100};0,4029126213592233;0,5242718446601942;0,6504854368932039;0,5097087378640777;0,47815533980582525;0,5131067961165049;0,08046546650482901;44
0,7105520725250244;0,2538725710299665;0,02479996681213379;0,0011655089700832598;20;8;2;2;200;{'SelectKBest__k': 20, 'model__max_depth': 8, 'model__min_samples_leaf': 2, 'model__min_samples_split': 2, 'model__n_estimators': 200};0,40048543689320387;0,5;0,6553398058252428;0,5072815533980582;0,4733009708737864;0,5072815533980582;0,08310759005155659;93
0,8984779357910156;0,3160350118758744;0,029599714279174804;0,0007997396962058812;20;8;2;2;250;{'SelectKBest__k': 20, 'model__max_depth': 8, 'model__min_samples_leaf': 2, 'model__min_samples_split': 2, 'model__n_estimators': 250};0,4029126213592233;0,4878640776699029;0,6553398058252428;0,5048543689320388;0,470873786407767;0,504368932038835;0,0830423486615266;111
1,0603433132171631;0,38181836030442695;0,03479399681091309;0,0009571107059082917;20;8;2;2;300;{'SelectKBest__k': 20, 'model__max_depth': 8, 'model__min_samples_leaf': 2, 'model__min_samples_split': 2, 'model__n_estimators': 300};0,4053398058252427;0,4975728155339806;0,662621359223301;0,5;0,47572815533980584;0,508252427184466;0,08445206892942621;84
0,1863419532775879;0,06616326411992801;0,008315277099609376;0,00040599802455916614;20;8;5;2;50;{'SelectKBest__k': 20, 'model__max_depth': 8, 'model__min_samples_leaf': 5, 'model__min_samples_split': 2, 'model__n_estimators': 50};0,40048543689320387;0,42961165048543687;0,6577669902912622;0,5194174757281553;0,4854368932038835;0,4985436893203884;0,08980713722473828;168
0,3674171447753906;0,1386275900087302;0,014912223815917969;0,0013627308276410906;20;8;5;2;100;{'SelectKBest__k': 20, 'model__max_depth': 8, 'model__min_samples_leaf': 5, 'model__min_samples_split': 2, 'model__n_estimators': 100};0,4029126213592233;0,42718446601941745;0,6723300970873787;0,5024271844660194;0,47815533980582525;0,4966019417475728;0,09471121353499477;184
0,7096199035644531;0,2562246045866746;0,02534775733947754;0,001479809774492099;20;8;5;2;200;{'SelectKBest__k': 20, 'model__max_depth': 8, 'model__min_samples_leaf': 5, 'model__min_samples_split': 2, 'model__n_estimators': 200};0,4077669902912621;0,4320388349514563;0,6480582524271845;0,5145631067961165;0,47572815533980584;0,4956310679611651;0,0845608217006473;193
0,879410982131958;0,3199866246458564;0,030802583694458006;0,0011647728563382058;20;8;5;2;250;{'SelectKBest__k': 20, 'model__max_depth': 8, 'model__min_samples_leaf': 5, 'model__min_samples_split': 2, 'model__n_estimators': 250};0,40048543689320387;0,42961165048543687;0,6407766990291263;0,5024271844660194;0,4733009708737864;0,4893203883495145;0,08345562397220042;233
1,0611552715301513;0,39241027435509246;0,03499927520751953;0,0012645181799719406;20;8;5;2;300;{'SelectKBest__k': 20, 'model__max_depth': 8, 'model__min_samples_leaf': 5, 'model__min_samples_split': 2, 'model__n_estimators': 300};0,4053398058252427;0,4320388349514563;0,6577669902912622;0,5024271844660194;0,47815533980582525;0,4951456310679612;0,08813052984784636;200
0,23412680625915527;0,09796084526278456;0,008799409866333008;0,0011666052436132626;20;16;1;2;50;{'SelectKBest__k': 20, 'model__max_depth': 16, 'model__min_samples_leaf': 1, 'model__min_samples_split': 2, 'model__n_estimators': 50};0,4053398058252427;0,44660194174757284;0,6480582524271845;0,5;0,4563106796116505;0,49126213592233015;0,08397637342838869;224
0,4469634532928467;0,19395580996844416;0,014768600463867188;0,0011349591153966758;20;16;1;2;100;{'SelectKBest__k': 20, 'model__max_depth': 16, 'model__min_samples_leaf': 1, 'model__min_samples_split': 2, 'model__n_estimators': 100};0,4077669902912621;0,5121359223300971;0,6286407766990292;0,5072815533980582;0,48058252427184467;0,5072815533980582;0,07122866333795992;93
0,8770547389984131;0,3828164366097914;0,025398731231689453;0,0018552636982014476;20;16;1;2;200;{'SelectKBest__k': 20, 'model__max_depth': 16, 'model__min_samples_leaf': 1, 'model__min_samples_split': 2, 'model__n_estimators': 200};0,4053398058252427;0,5024271844660194;0,6480582524271845;0,5072815533980582;0,47815533980582525;0,5082524271844661;0,07883829922587104;82
1,1058725357055663;0,4829897451024834;0,029923009872436523;0,0021393746489652213;20;16;1;2;250;{'SelectKBest__k': 20, 'model__max_depth': 16, 'model__min_samples_leaf': 1, 'model__min_samples_split': 2, 'model__n_estimators': 250};0,4077669902912621;0,44660194174757284;0,662621359223301;0,5048543689320388;0,47815533980582525;0,5;0,0875268430339207;152
1,3134601593017579;0,5814235713005412;0,034999942779541014;0,0014145494941481141;20;16;1;2;300;{'SelectKBest__k': 20, 'model__max_depth': 16, 'model__min_samples_leaf': 1, 'model__min_samples_split': 2, 'model__n_estimators': 300};0,40048543689320387;0,5048543689320388;0,6480582524271845;0,5097087378640777;0,47815533980582525;0,508252427184466;0,08009855838602155;84
0,2308344841003418;0,09727167205519581;0,008517313003540038;0,0011120568230505903;20;16;2;2;50;{'SelectKBest__k': 20, 'model__max_depth': 16, 'model__min_samples_leaf': 2, 'model__min_samples_split': 2, 'model__n_estimators': 50};0,4029126213592233;0,529126213592233;0,6432038834951457;0,5121359223300971;0,48058252427184467;0,5135922330097087;0,077951552442724;38
0,45362076759338377;0,20404204489230957;0,014002370834350585;0,0012674673357850458;20;16;2;2;100;{'SelectKBest__k': 20, 'model__max_depth': 16, 'model__min_samples_leaf': 2, 'model__min_samples_split': 2, 'model__n_estimators': 100};0,41504854368932037;0,4854368932038835;0,6674757281553398;0,5;0,4684466019417476;0,5072815533980582;0,08509696276554217;93
0,8795298099517822;0,3741907972910108;0,024599790573120117;0,0011999218305538443;20;16;2;2;200;{'SelectKBest__k': 20, 'model__max_depth': 16, 'model__min_samples_leaf': 2, 'model__min_samples_split': 2, 'model__n_estimators': 200};0,41019417475728154;0,4854368932038835;0,6456310679611651;0,5072815533980582;0,48058252427184467;0,5058252427184466;0,07713101892557686;105
1,095855474472046;0,48579736420125913;0,030327796936035156;0,0013902660864569124;20;16;2;2;250;{'SelectKBest__k': 20, 'model__max_depth': 16, 'model__min_samples_leaf': 2, 'model__min_samples_split': 2, 'model__n_estimators': 250};0,4077669902912621;0,4684466019417476;0,6553398058252428;0,5121359223300971;0,47572815533980584;0,503883495145631;0,08281786723172582;115
1,3071066379547118;0,5771764493555201;0,03695621490478516;0,0012366983878141363;20;16;2;2;300;{'SelectKBest__k': 20, 'model__max_depth': 16, 'model__min_samples_leaf': 2, 'model__min_samples_split': 2, 'model__n_estimators': 300};0,4053398058252427;0,46116504854368934;0,6529126213592233;0,5024271844660194;0,47815533980582525;0,5;0,082866224712119;152
0,223091459274292;0,0973814605181401;0,008601188659667969;0,0004908567126196817;20;16;5;2;50;{'SelectKBest__k': 20, 'model__max_depth': 16, 'model__min_samples_leaf': 5, 'model__min_samples_split': 2, 'model__n_estimators': 50};0,41262135922330095;0,4320388349514563;0,6699029126213593;0,5097087378640777;0,47815533980582525;0,5004854368932039;0,09131376354196116;150
0,44024019241333007;0,19351034001291234;0,015901517868041993;0,0038569577914431925;20;16;5;2;100;{'SelectKBest__k': 20, 'model__max_depth': 16, 'model__min_samples_leaf': 5, 'model__min_samples_split': 2, 'model__n_estimators': 100};0,4077669902912621;0,4320388349514563;0,662621359223301;0,5048543689320388;0,48058252427184467;0,49757281553398053;0,08937841087146589;178
0,8526503562927246;0,3557512959324643;0,024200582504272462;0,0007488636346022752;20;16;5;2;200;{'SelectKBest__k': 20, 'model__max_depth': 16, 'model__min_samples_leaf': 5, 'model__min_samples_split': 2, 'model__n_estimators': 200};0,4053398058252427;0,4320388349514563;0,6699029126213593;0,5048543689320388;0,4830097087378641;0,4990291262135923;0,0924703130183242;161
1,0420527458190918;0,44998249658498946;0,030901718139648437;0,0016262453746233327;20;16;5;2;250;{'SelectKBest__k': 20, 'model__max_depth': 16, 'model__min_samples_leaf': 5, 'model__min_samples_split': 2, 'model__n_estimators': 250};0,4053398058252427;0,4320388349514563;0,6747572815533981;0,5;0,48058252427184467;0,49854368932038834;0,09432477291949083;169
1,2761309146881104;0,5668732134977916;0,03699135780334473;0,001567026768813395;20;16;5;2;300;{'SelectKBest__k': 20, 'model__max_depth': 16, 'model__min_samples_leaf': 5, 'model__min_samples_split': 2, 'model__n_estimators': 300};0,4029126213592233;0,4320388349514563;0,6553398058252428;0,5;0,48058252427184467;0,4941747572815534;0,08761564405963868;214
0,24166760444641114;0,10872900247763102;0,008399772644042968;0,0004896496201250396;20;35;1;2;50;{'SelectKBest__k': 20, 'model__max_depth': 35, 'model__min_samples_leaf': 1, 'model__min_samples_split': 2, 'model__n_estimators': 50};0,40048543689320387;0,44660194174757284;0,6310679611650486;0,5024271844660194;0,4441747572815534;0,4849514563106796;0,07990415127211782;236
0,47680110931396485;0,22295672629404267;0,014599990844726563;0,0007998708658997238;20;35;1;2;100;{'SelectKBest__k': 20, 'model__max_depth': 35, 'model__min_samples_leaf': 1, 'model__min_samples_split': 2, 'model__n_estimators': 100};0,4077669902912621;0,5266990291262136;0,6480582524271845;0,5048543689320388;0,47572815533980584;0,5126213592233009;0,07868571172166564;49
0,947872543334961;0,4312546360612961;0,025357151031494142;0,0033675382307663086;20;35;1;2;200;{'SelectKBest__k': 20, 'model__max_depth': 35, 'model__min_samples_leaf': 1, 'model__min_samples_split': 2, 'model__n_estimators': 200};0,4053398058252427;0,470873786407767;0,662621359223301;0,5048543689320388;0,47572815533980584;0,503883495145631;0,08578097087730271;115
1,235693597793579;0,5923521176957275;0,03570313453674316;0,004510736562487995;20;35;1;2;250;{'SelectKBest__k': 20, 'model__max_depth': 35, 'model__min_samples_leaf': 1, 'model__min_samples_split': 2, 'model__n_estimators': 250};0,4053398058252427;0,46116504854368934;0,6407766990291263;0,5097087378640777;0,47815533980582525;0,4990291262135923;0,07855382943653431;161
1,6338384628295899;0,8579117647336886;0,04538125991821289;0,006467164326575002;20;35;1;2;300;{'SelectKBest__k': 20, 'model__max_depth': 35, 'model__min_samples_leaf': 1, 'model__min_samples_split': 2, 'model__n_estimators': 300};0,4053398058252427;0,45145631067961167;0,6650485436893204;0,5121359223300971;0,47572815533980584;0,5019417475728154;0,08862913182902189;140
0,2763389587402344;0,14764639532196092;0,01033477783203125;0,0014751382058339315;20;35;2;2;50;{'SelectKBest__k': 20, 'model__max_depth': 35, 'model__min_samples_leaf': 2, 'model__min_samples_split': 2, 'model__n_estimators': 50};0,4077669902912621;0,4854368932038835;0,6383495145631068;0,5048543689320388;0,47815533980582525;0,5029126213592233;0,07525681045613192;123
0,6208384513854981;0,29244193718377676;0,019200468063354494;0,0011658285052774254;20;35;2;2;100;{'SelectKBest__k': 20, 'model__max_depth': 35, 'model__min_samples_leaf': 2, 'model__min_samples_split': 2, 'model__n_estimators': 100};0,4029126213592233;0,4684466019417476;0,6577669902912622;0,5121359223300971;0,4733009708737864;0,5029126213592232;0,08500553064018461;125
1,2400118827819824;0,5568981971781167;0,03431777954101563;0,003022303442325827;20;35;2;2;200;{'SelectKBest__k': 20, 'model__max_depth': 35, 'model__min_samples_leaf': 2, 'model__min_samples_split': 2, 'model__n_estimators': 200};0,4077669902912621;0,5121359223300971;0,6553398058252428;0,5145631067961165;0,47815533980582525;0,5135922330097088;0,08068481050626738;37
1,5437377452850343;0,7003039071115772;0,041382884979248045;0,0036652345677536144;20;35;2;2;250;{'SelectKBest__k': 20, 'model__max_depth': 35, 'model__min_samples_leaf': 2, 'model__min_samples_split': 2, 'model__n_estimators': 250};0,4029126213592233;0,4344660194174757;0,6480582524271845;0,5048543689320388;0,47572815533980584;0,4932038834951456;0,08488069174708612;219
1,8196687698364258;0,8220548228210077;0,04775667190551758;0,0027220367184299897;20;35;2;2;300;{'SelectKBest__k': 20, 'model__max_depth': 35, 'model__min_samples_leaf': 2, 'model__min_samples_split': 2, 'model__n_estimators': 300};0,41262135922330095;0,47815533980582525;0,6480582524271845;0,5048543689320388;0,47815533980582525;0,5043689320388349;0,07802407115205125;112
0,3026126861572266;0,13405598856157516;0,012000226974487304;0,0008953759962468448;20;35;5;2;50;{'SelectKBest__k': 20, 'model__max_depth': 35, 'model__min_samples_leaf': 5, 'model__min_samples_split': 2, 'model__n_estimators': 50};0,4077669902912621;0,47815533980582525;0,6407766990291263;0,5072815533980582;0,4854368932038835;0,503883495145631;0,07614708618874587;115
0,5911980152130127;0,2688603290449874;0,019906902313232423;0,0017536632238748736;20;35;5;2;100;{'SelectKBest__k': 20, 'model__max_depth': 35, 'model__min_samples_leaf': 5, 'model__min_samples_split': 2, 'model__n_estimators': 100};0,4077669902912621;0,4975728155339806;0,6601941747572816;0,5121359223300971;0,47815533980582525;0,5111650485436894;0,0826754754149223;61
1,1505099296569825;0,5288331434401365;0,03360075950622558;0,0019591790765692307;20;35;5;2;200;{'SelectKBest__k': 20, 'model__max_depth': 35, 'model__min_samples_leaf': 5, 'model__min_samples_split': 2, 'model__n_estimators': 200};0,4077669902912621;0,42961165048543687;0,6650485436893204;0,4975728155339806;0,4830097087378641;0,4966019417475728;0,0904867911061629;184
1,4385921955108643;0,6334370047605349;0,040668153762817384;0,0008824649656410091;20;35;5;2;250;{'SelectKBest__k': 20, 'model__max_depth': 35, 'model__min_samples_leaf': 5, 'model__min_samples_split': 2, 'model__n_estimators': 250};0,4029126213592233;0,4320388349514563;0,6577669902912622;0,5121359223300971;0,47572815533980584;0,4961165048543689;0,08898999680069238;190
1,7122811317443847;0,7579373797247961;0,04636836051940918;0,002044482736710308;20;35;5;2;300;{'SelectKBest__k': 20, 'model__max_depth': 35, 'model__min_samples_leaf': 5, 'model__min_samples_split': 2, 'model__n_estimators': 300};0,4029126213592233;0,42961165048543687;0,662621359223301;0,5072815533980582;0,47572815533980584;0,4956310679611651;0,09096470847713779;193
0,3192108631134033;0,14312339150759826;0,011600017547607422;0,0013558842164449183;20;;1;2;50;{'SelectKBest__k': 20, 'model__max_depth': None, 'model__min_samples_leaf': 1, 'model__min_samples_split': 2, 'model__n_estimators': 50};0,4077669902912621;0,5849514563106796;0,6383495145631068;0,4878640776699029;0,4733009708737864;0,5184466019417475;0,08248999859399062;15
0,6231240272521973;0,27941204609143344;0,01880054473876953;0,0007477706951072086;20;;1;2;100;{'SelectKBest__k': 20, 'model__max_depth': None, 'model__min_samples_leaf': 1, 'model__min_samples_split': 2, 'model__n_estimators': 100};0,41019417475728154;0,5194174757281553;0,662621359223301;0,5097087378640777;0,4733009708737864;0,5150485436893203;0,08314160871448417;34
1,2359455585479737;0,5591890472676053;0,03343071937561035;0,00167403418550373;20;;1;2;200;{'SelectKBest__k': 20, 'model__max_depth': None, 'model__min_samples_leaf': 1, 'model__min_samples_split': 2, 'model__n_estimators': 200};0,4029126213592233;0,44660194174757284;0,6650485436893204;0,49514563106796117;0,47815533980582525;0,4975728155339807;0,08943112595176195;175
1,513063335418701;0,6834135291864473;0,03980064392089844;0,0014694840414389587;20;;1;2;250;{'SelectKBest__k': 20, 'model__max_depth': None, 'model__min_samples_leaf': 1, 'model__min_samples_split': 2, 'model__n_estimators': 250};0,4077669902912621;0,5388349514563107;0,6650485436893204;0,5;0,47815533980582525;0,5179611650485437;0,08499444127471571;16
1,827797031402588;0,8238552543014703;0,04753818511962891;0,0021814880919470148;20;;1;2;300;{'SelectKBest__k': 20, 'model__max_depth': None, 'model__min_samples_leaf': 1, 'model__min_samples_split': 2, 'model__n_estimators': 300};0,40048543689320387;0,5024271844660194;0,6504854368932039;0,5072815533980582;0,47815533980582525;0,5077669902912623;0,08097343480385649;90
0,319825267791748;0,1465286158489153;0,011200046539306641;0,0003996613877189377;20;;2;2;50;{'SelectKBest__k': 20, 'model__max_depth': None, 'model__min_samples_leaf': 2, 'model__min_samples_split': 2, 'model__n_estimators': 50};0,41019417475728154;0,5218446601941747;0,6601941747572816;0,529126213592233;0,4684466019417476;0,5179611650485437;0,08298841491488904;16
0,6085485458374024;0,2743328726552398;0,019000673294067384;0,0015490503225409752;20;;2;2;100;{'SelectKBest__k': 20, 'model__max_depth': None, 'model__min_samples_leaf': 2, 'model__min_samples_split': 2, 'model__n_estimators': 100};0,40048543689320387;0,5194174757281553;0,6456310679611651;0,5169902912621359;0,470873786407767;0,5106796116504855;0,08006913310367006;64
1,1994569778442383;0,5367013934917764;0,032731151580810545;0,000742102216220226;20;;2;2;200;{'SelectKBest__k': 20, 'model__max_depth': None, 'model__min_samples_leaf': 2, 'model__min_samples_split': 2, 'model__n_estimators': 200};0,40048543689320387;0,5;0,6529126213592233;0,5072815533980582;0,47815533980582525;0,5077669902912622;0,08187062666091012;91
1,499098825454712;0,6810830454461235;0,04026217460632324;0,0024763045734736517;20;;2;2;250;{'SelectKBest__k': 20, 'model__max_depth': None, 'model__min_samples_leaf': 2, 'model__min_samples_split': 2, 'model__n_estimators': 250};0,4077669902912621;0,5097087378640777;0,6504854368932039;0,5121359223300971;0,48058252427184467;0,5121359223300971;0,07878447855793536;55
1,8038786888122558;0,8063127960712299;0,04746112823486328;0,002413023396095386;20;;2;2;300;{'SelectKBest__k': 20, 'model__max_depth': None, 'model__min_samples_leaf': 2, 'model__min_samples_split': 2, 'model__n_estimators': 300};0,4077669902912621;0,49029126213592233;0,6553398058252428;0,5097087378640777;0,48058252427184467;0,50873786407767;0,08101998464087405;75
0,2958493232727051;0,12439095714840326;0,011600160598754882;0,0007999664464584643;20;;5;2;50;{'SelectKBest__k': 20, 'model__max_depth': None, 'model__min_samples_leaf': 5, 'model__min_samples_split': 2, 'model__n_estimators': 50};0,4053398058252427;0,4320388349514563;0,6674757281553398;0,5097087378640777;0,48058252427184467;0,4990291262135923;0,09175399371377864;161
0,5941009998321534;0,2845012080725958;0,02109189033508301;0,003037533262702455;20;;5;2;100;{'SelectKBest__k': 20, 'model__max_depth': None, 'model__min_samples_leaf': 5, 'model__min_samples_split': 2, 'model__n_estimators': 100};0,4077669902912621;0,4320388349514563;0,6432038834951457;0,5048543689320388;0,47815533980582525;0,4932038834951456;0,08234417813272331;219
1,150244951248169;0,5019141751822301;0,03320102691650391;0,0015996044752168703;20;;5;2;200;{'SelectKBest__k': 20, 'model__max_depth': None, 'model__min_samples_leaf': 5, 'model__min_samples_split': 2, 'model__n_estimators': 200};0,4053398058252427;0,4320388349514563;0,662621359223301;0,5;0,47815533980582525;0,4956310679611651;0,08989630708187209;193
1,4636268138885498;0,671147998167048;0,041023778915405276;0,002665338656805238;20;;5;2;250;{'SelectKBest__k': 20, 'model__max_depth': None, 'model__min_samples_leaf': 5, 'model__min_samples_split': 2, 'model__n_estimators': 250};0,4029126213592233;0,4320388349514563;0,6796116504854369;0,5072815533980582;0,47815533980582525;0,5;0,09678350503581014;152
1,702694797515869;0,7547231698950584;0,04579916000366211;0,0016007900841700355;20;;5;2;300;{'SelectKBest__k': 20, 'model__max_depth': None, 'model__min_samples_leaf': 5, 'model__min_samples_split': 2, 'model__n_estimators': 300};0,4053398058252427;0,4854368932038835;0,6723300970873787;0,5048543689320388;0,48058252427184467;0,5097087378640777;0,08809041276974264;70
0,3669957160949707;0,15157986948871893;0,010799360275268555;0,0007475520985625689;50;8;1;2;50;{'SelectKBest__k': 50, 'model__max_depth': 8, 'model__min_samples_leaf': 1, 'model__min_samples_split': 2, 'model__n_estimators': 50};0,39805825242718446;0,4368932038834951;0,6650485436893204;0,558252427184466;0,470873786407767;0,5058252427184466;0,09559040089435036;105
0,7027485847473145;0,28563388965434466;0,018999910354614256;0,0016733127649598938;50;8;1;2;100;{'SelectKBest__k': 50, 'model__max_depth': 8, 'model__min_samples_leaf': 1, 'model__min_samples_split': 2, 'model__n_estimators': 100};0,39805825242718446;0,5145631067961165;0,6529126213592233;0,5533980582524272;0,47572815533980584;0,5189320388349514;0,08442136974108107;11
1,388720989227295;0,5846756727112402;0,03219990730285645;0,0007481245625662328;50;8;1;2;200;{'SelectKBest__k': 50, 'model__max_depth': 8, 'model__min_samples_leaf': 1, 'model__min_samples_split': 2, 'model__n_estimators': 200};0,4029126213592233;0,5266990291262136;0,6407766990291263;0,5461165048543689;0,470873786407767;0,5174757281553398;0,07925268349092525;21
1,7337170124053956;0,7473676131293758;0,04051504135131836;0,005147113295164063;50;8;1;2;250;{'SelectKBest__k': 50, 'model__max_depth': 8, 'model__min_samples_leaf': 1, 'model__min_samples_split': 2, 'model__n_estimators': 250};0,4029126213592233;0,5169902912621359;0,6553398058252428;0,5436893203883495;0,470873786407767;0,5179611650485436;0,08365304554772048;19
2,1697192192077637;0,9528915705733078;0,04955534934997559;0,002986714456095181;50;8;1;2;300;{'SelectKBest__k': 50, 'model__max_depth': 8, 'model__min_samples_leaf': 1, 'model__min_samples_split': 2, 'model__n_estimators': 300};0,4029126213592233;0,5097087378640777;0,6771844660194175;0,5485436893203883;0,4733009708737864;0,5223300970873785;0,09109414408214729;8
0,37660799026489256;0,142863394951981;0,010801124572753906;0,000399376708961652;50;8;2;2;50;{'SelectKBest__k': 50, 'model__max_depth': 8, 'model__min_samples_leaf': 2, 'model__min_samples_split': 2, 'model__n_estimators': 50};0,4053398058252427;0,4344660194174757;0,6601941747572816;0,5266990291262136;0,4733009708737864;0,5;0,089825502960935;152
0,8067863464355469;0,3730850248556337;0,021092939376831054;0,004058997073359431;50;8;2;2;100;{'SelectKBest__k': 50, 'model__max_depth': 8, 'model__min_samples_leaf': 2, 'model__min_samples_split': 2, 'model__n_estimators': 100};0,40048543689320387;0,4344660194174757;0,662621359223301;0,5436893203883495;0,47572815533980584;0,5033980582524272;0,09282639981894278;120
1,4643755912780763;0,5453237165758327;0,03199954032897949;0,001788458531184065;50;8;2;2;200;{'SelectKBest__k': 50, 'model__max_depth': 8, 'model__min_samples_leaf': 2, 'model__min_samples_split': 2, 'model__n_estimators': 200};0,4029126213592233;0,5048543689320388;0,6699029126213593;0,5461165048543689;0,4733009708737864;0,5194174757281553;0,08862381402792938;10
1,713740062713623;0,7382337370193716;0,03911070823669434;0,0019107243848546286;50;8;2;2;250;{'SelectKBest__k': 50, 'model__max_depth': 8, 'model__min_samples_leaf': 2, 'model__min_samples_split': 2, 'model__n_estimators': 250};0,4053398058252427;0,4830097087378641;0,662621359223301;0,5388349514563107;0,470873786407767;0,5121359223300972;0,08638867466610714;54
2,023938751220703;0,851877222580111;0,04529495239257812;0,002257506814535889;50;8;2;2;300;{'SelectKBest__k': 50, 'model__max_depth': 8, 'model__min_samples_leaf': 2, 'model__min_samples_split': 2, 'model__n_estimators': 300};0,4029126213592233;0,4344660194174757;0,6480582524271845;0,5364077669902912;0,4733009708737864;0,4990291262135922;0,08680502115439656;165
0,350917387008667;0,14755677124671193;0,011052942276000977;0,0008397050854136691;50;8;5;2;50;{'SelectKBest__k': 50, 'model__max_depth': 8, 'model__min_samples_leaf': 5, 'model__min_samples_split': 2, 'model__n_estimators': 50};0,4029126213592233;0,4344660194174757;0,6286407766990292;0,5461165048543689;0,47572815533980584;0,49757281553398053;0,08118560152279332;178
0,6859051704406738;0,29646434914915465;0,018263769149780274;0,001052332240975851;50;8;5;2;100;{'SelectKBest__k': 50, 'model__max_depth': 8, 'model__min_samples_leaf': 5, 'model__min_samples_split': 2, 'model__n_estimators': 100};0,4029126213592233;0,4344660194174757;0,6480582524271845;0,5558252427184466;0,470873786407767;0,5024271844660194;0,0889688099670368;128
1,347824764251709;0,5699950594352615;0,03386778831481933;0,0009326021246253838;50;8;5;2;200;{'SelectKBest__k': 50, 'model__max_depth': 8, 'model__min_samples_leaf': 5, 'model__min_samples_split': 2, 'model__n_estimators': 200};0,4029126213592233;0,4344660194174757;0,6577669902912622;0,5436893203883495;0,470873786407767;0,5019417475728155;0,09093879924864302;135
1,662467861175537;0,7200597723472137;0,03852071762084961;0,0015344475617451968;50;8;5;2;250;{'SelectKBest__k': 50, 'model__max_depth': 8, 'model__min_samples_leaf': 5, 'model__min_samples_split': 2, 'model__n_estimators': 250};0,4029126213592233;0,4344660194174757;0,6601941747572816;0,5388349514563107;0,4733009708737864;0,5019417475728155;0,09119756029764;135
1,9810767650604248;0,8660556493457401;0,04579992294311523;0,0034878182843009584;50;8;5;2;300;{'SelectKBest__k': 50, 'model__max_depth': 8, 'model__min_samples_leaf': 5, 'model__min_samples_split': 2, 'model__n_estimators': 300};0,4029126213592233;0,4344660194174757;0,6456310679611651;0,5436893203883495;0,470873786407767;0,49951456310679604;0,08681587924702198;159
0,45169901847839355;0,22298993072904458;0,011702394485473633;0,00039820412705882455;50;16;1;2;50;{'SelectKBest__k': 50, 'model__max_depth': 16, 'model__min_samples_leaf': 1, 'model__min_samples_split': 2, 'model__n_estimators': 50};0,40048543689320387;0,5218446601941747;0,6456310679611651;0,5509708737864077;0,470873786407767;0,5179611650485436;0,08175829554009807;19
0,866207218170166;0,4276834207917516;0,01868433952331543;0,0011413763151160554;50;16;1;2;100;{'SelectKBest__k': 50, 'model__max_depth': 16, 'model__min_samples_leaf': 1, 'model__min_samples_split': 2, 'model__n_estimators': 100};0,4029126213592233;0,4393203883495146;0,6116504854368932;0,558252427184466;0,46601941747572817;0,4956310679611651;0,07749373224391212;193
1,6920228958129884;0,8369367108719412;0,03233556747436524;0,0012848377218934862;50;16;1;2;200;{'SelectKBest__k': 50, 'model__max_depth': 16, 'model__min_samples_leaf': 1, 'model__min_samples_split': 2, 'model__n_estimators': 200};0,4029126213592233;0,44660194174757284;0,6140776699029126;0,5800970873786407;0,4684466019417476;0,5024271844660194;0,08083653963443603;128
2,121562051773071;1,043305953989469;0,039800834655761716;0,002786478974698021;50;16;1;2;250;{'SelectKBest__k': 50, 'model__max_depth': 16, 'model__min_samples_leaf': 1, 'model__min_samples_split': 2, 'model__n_estimators': 250};0,4029126213592233;0,470873786407767;0,6480582524271845;0,5606796116504854;0,470873786407767;0,5106796116504855;0,08503601893856272;64
2,5444192409515383;1,2693366538996331;0,046206998825073245;0,0014340834795919081;50;16;1;2;300;{'SelectKBest__k': 50, 'model__max_depth': 16, 'model__min_samples_leaf': 1, 'model__min_samples_split': 2, 'model__n_estimators': 300};0,4029126213592233;0,5024271844660194;0,6383495145631068;0,5533980582524272;0,46601941747572817;0,5126213592233009;0,07972700617258542;49
0,4270625591278076;0,2034198577500503;0,01139988899230957;0,001495471734051053;50;16;2;2;50;{'SelectKBest__k': 50, 'model__max_depth': 16, 'model__min_samples_leaf': 2, 'model__min_samples_split': 2, 'model__n_estimators': 50};0,4053398058252427;0,4587378640776699;0,5825242718446602;0,5266990291262136;0,47572815533980584;0,4898058252427184;0,060424707314389176;231
0,8484417915344238;0,42543329826237825;0,017800617218017577;0,000748468602416266;50;16;2;2;100;{'SelectKBest__k': 50, 'model__max_depth': 16, 'model__min_samples_leaf': 2, 'model__min_samples_split': 2, 'model__n_estimators': 100};0,4053398058252427;0,4733009708737864;0,6310679611650486;0,5703883495145631;0,47572815533980584;0,5111650485436894;0,07971518250261493;61
1,6513474941253663;0,8072090212639219;0,03308758735656738;0,0018452660810343074;50;16;2;2;200;{'SelectKBest__k': 50, 'model__max_depth': 16, 'model__min_samples_leaf': 2, 'model__min_samples_split': 2, 'model__n_estimators': 200};0,4029126213592233;0,5121359223300971;0,6262135922330098;0,5558252427184466;0,470873786407767;0,5135922330097087;0,07555681387981222;38
2,0872950553894043;1,062076117420202;0,03883595466613769;0,0015470486080542646;50;16;2;2;250;{'SelectKBest__k': 50, 'model__max_depth': 16, 'model__min_samples_leaf': 2, 'model__min_samples_split': 2, 'model__n_estimators': 250};0,4029126213592233;0,4344660194174757;0,6601941747572816;0,5655339805825242;0,4733009708737864;0,5072815533980582;0,09394175961341569;93
2,4732242584228517;1,2558284614260573;0,045200681686401366;0,001470055098736061;50;16;2;2;300;{'SelectKBest__k': 50, 'model__max_depth': 16, 'model__min_samples_leaf': 2, 'model__min_samples_split': 2, 'model__n_estimators': 300};0,4053398058252427;0,5;0,6359223300970874;0,5558252427184466;0,470873786407767;0,5135922330097087;0,07807237953600124;38
0,40926623344421387;0,2001138333419263;0,011199951171875;0,0009792289498829416;50;16;5;2;50;{'SelectKBest__k': 50, 'model__max_depth': 16, 'model__min_samples_leaf': 5, 'model__min_samples_split': 2, 'model__n_estimators': 50};0,4053398058252427;0,4344660194174757;0,5266990291262136;0,5485436893203883;0,47572815533980584;0,4781553398058252;0,05390317142715072;240
0,801372766494751;0,4001694956822353;0,017999696731567382;0,0010953665420559277;50;16;5;2;100;{'SelectKBest__k': 50, 'model__max_depth': 16, 'model__min_samples_leaf': 5, 'model__min_samples_split': 2, 'model__n_estimators': 100};0,4053398058252427;0,4344660194174757;0,6456310679611651;0,5533980582524272;0,4733009708737864;0,5024271844660194;0,08717614075761153;128
1,6139194965362549;0,7970549691378958;0,03213930130004883;0,001535397382888181;50;16;5;2;200;{'SelectKBest__k': 50, 'model__max_depth': 16, 'model__min_samples_leaf': 5, 'model__min_samples_split': 2, 'model__n_estimators': 200};0,4029126213592233;0,4344660194174757;0,6213592233009708;0,5631067961165048;0,47572815533980584;0,49951456310679615;0,08126393381686048;157
1,9927703857421875;1,0197712793262101;0,03817458152770996;0,0009607342635170636;50;16;5;2;250;{'SelectKBest__k': 50, 'model__max_depth': 16, 'model__min_samples_leaf': 5, 'model__min_samples_split': 2, 'model__n_estimators': 250};0,4029126213592233;0,4344660194174757;0,6407766990291263;0,5533980582524272;0,4733009708737864;0,5009708737864078;0,0861373536785659;145
2,3869693756103514;1,2019504390255578;0,04581637382507324;0,0020569599764240143;50;16;5;2;300;{'SelectKBest__k': 50, 'model__max_depth': 16, 'model__min_samples_leaf': 5, 'model__min_samples_split': 2, 'model__n_estimators': 300};0,4029126213592233;0,4344660194174757;0,6432038834951457;0,5606796116504854;0,4733009708737864;0,5029126213592232;0,08784127795159243;125
0,45171360969543456;0,22483400075478555;0,010600423812866211;0,0008016119323242438;50;35;1;2;50;{'SelectKBest__k': 50, 'model__max_depth': 35, 'model__min_samples_leaf': 1, 'model__min_samples_split': 2, 'model__n_estimators': 50};0,4053398058252427;0,4368932038834951;0,6286407766990292;0,558252427184466;0,470873786407767;0,5;0,08213787323534041;152
0,8897880554199219;0,44190414959579866;0,018199872970581055;0,0007470671444138893;50;35;1;2;100;{'SelectKBest__k': 50, 'model__max_depth': 35, 'model__min_samples_leaf': 1, 'model__min_samples_split': 2, 'model__n_estimators': 100};0,4029126213592233;0,5412621359223301;0,6504854368932039;0,5412621359223301;0,4733009708737864;0,5218446601941747;0,08222389651592689;9
1,7405174732208253;0,8936628581294972;0,03234114646911621;0,0018043173326481418;50;35;1;2;200;{'SelectKBest__k': 50, 'model__max_depth': 35, 'model__min_samples_leaf': 1, 'model__min_samples_split': 2, 'model__n_estimators': 200};0,4029126213592233;0,4393203883495146;0,6553398058252428;0,5606796116504854;0,4684466019417476;0,5053398058252427;0,09140404170826931;108
2,182548713684082;1,137057356512384;0,04161810874938965;0,0034693118467478126;50;35;1;2;250;{'SelectKBest__k': 50, 'model__max_depth': 35, 'model__min_samples_leaf': 1, 'model__min_samples_split': 2, 'model__n_estimators': 250};0,4029126213592233;0,4393203883495146;0,6359223300970874;0,5509708737864077;0,47572815533980584;0,5009708737864077;0,08338500299049668;148
2,5922591209411623;1,3145806781155032;0,046933650970458984;0,0014062409960221335;50;35;1;2;300;{'SelectKBest__k': 50, 'model__max_depth': 35, 'model__min_samples_leaf': 1, 'model__min_samples_split': 2, 'model__n_estimators': 300};0,4053398058252427;0,5145631067961165;0,6432038834951457;0,5631067961165048;0,4684466019417476;0,5189320388349514;0,08107522785872537;11
0,4514655113220215;0,23213087497828244;0,011201572418212891;0,0007491698202662252;50;35;2;2;50;{'SelectKBest__k': 50, 'model__max_depth': 35, 'model__min_samples_leaf': 2, 'model__min_samples_split': 2, 'model__n_estimators': 50};0,40048543689320387;0,5752427184466019;0,6237864077669902;0,5631067961165048;0,47815533980582525;0,5281553398058252;0,07922591847950813;5
0,8785184383392334;0,4545408424780041;0,018540143966674805;0,0009410912564216617;50;35;2;2;100;{'SelectKBest__k': 50, 'model__max_depth': 35, 'model__min_samples_leaf': 2, 'model__min_samples_split': 2, 'model__n_estimators': 100};0,4053398058252427;0,5048543689320388;0,6456310679611651;0,5412621359223301;0,4684466019417476;0,5131067961165049;0,08003969700359669;44
1,7003841400146484;0,8788613815963383;0,031624794006347656;0,001982897769959568;50;35;2;2;200;{'SelectKBest__k': 50, 'model__max_depth': 35, 'model__min_samples_leaf': 2, 'model__min_samples_split': 2, 'model__n_estimators': 200};0,4029126213592233;0,5048543689320388;0,6140776699029126;0,5606796116504854;0,470873786407767;0,5106796116504854;0,07269569426422992;69
2,131718635559082;1,0905237560804524;0,03917417526245117;0,0009874326855315264;50;35;2;2;250;{'SelectKBest__k': 50, 'model__max_depth': 35, 'model__min_samples_leaf': 2, 'model__min_samples_split': 2, 'model__n_estimators': 250};0,4029126213592233;0,5024271844660194;0,6140776699029126;0,5533980582524272;0,470873786407767;0,50873786407767;0,0717823135408693;75
2,602683353424072;1,363520801937946;0,04820108413696289;0,003429117845788494;50;35;2;2;300;{'SelectKBest__k': 50, 'model__max_depth': 35, 'model__min_samples_leaf': 2, 'model__min_samples_split': 2, 'model__n_estimators': 300};0,4029126213592233;0,5703883495145631;0,6383495145631068;0,5631067961165048;0,4684466019417476;0,5286407766990291;0,08294296982151476;3
0,4189005851745605;0,2074656658676171;0,010930442810058593;0,0006486370941407012;50;35;5;2;50;{'SelectKBest__k': 50, 'model__max_depth': 35, 'model__min_samples_leaf': 5, 'model__min_samples_split': 2, 'model__n_estimators': 50};0,4077669902912621;0,4344660194174757;0,6140776699029126;0,5461165048543689;0,47572815533980584;0,4956310679611651;0,07541321116196091;193
0,8109610080718994;0,4095870931551744;0,018041515350341798;0,0008506465059462363;50;35;5;2;100;{'SelectKBest__k': 50, 'model__max_depth': 35, 'model__min_samples_leaf': 5, 'model__min_samples_split': 2, 'model__n_estimators': 100};0,4029126213592233;0,4344660194174757;0,6189320388349514;0,5461165048543689;0,4733009708737864;0,4951456310679611;0,07821411285872942;204
1,7526798725128174;0,9631944392217789;0,03585891723632813;0,004185910753433854;50;35;5;2;200;{'SelectKBest__k': 50, 'model__max_depth': 35, 'model__min_samples_leaf': 5, 'model__min_samples_split': 2, 'model__n_estimators': 200};0,4053398058252427;0,4344660194174757;0,6189320388349514;0,5558252427184466;0,47572815533980584;0,4980582524271844;0,07885025438542505;174
2,3444745540618896;1,2548320568985527;0,0479485034942627;0,005019853556117508;50;35;5;2;250;{'SelectKBest__k': 50, 'model__max_depth': 35, 'model__min_samples_leaf': 5, 'model__min_samples_split': 2, 'model__n_estimators': 250};0,4029126213592233;0,4344660194174757;0,6504854368932039;0,5485436893203883;0,470873786407767;0,5014563106796117;0,0889502673479329;141
2,900931739807129;1,4702594602617214;0,05539913177490234;0,002034969668966625;50;35;5;2;300;{'SelectKBest__k': 50, 'model__max_depth': 35, 'model__min_samples_leaf': 5, 'model__min_samples_split': 2, 'model__n_estimators': 300};0,4029126213592233;0,4344660194174757;0,6359223300970874;0,558252427184466;0,4733009708737864;0,5009708737864077;0,08520212669994577;148
0,582249116897583;0,2929719446595813;0,01508646011352539;0,0018293677160963605;50;;1;2;50;{'SelectKBest__k': 50, 'model__max_depth': None, 'model__min_samples_leaf': 1, 'model__min_samples_split': 2, 'model__n_estimators': 50};0,4077669902912621;0,5194174757281553;0,5970873786407767;0,5364077669902912;0,4684466019417476;0,5058252427184466;0,06397093198871025;105
1,0471168041229248;0,5163770399094192;0,021758174896240233;0,0020537049003278287;50;;1;2;100;{'SelectKBest__k': 50, 'model__max_depth': None, 'model__min_samples_leaf': 1, 'model__min_samples_split': 2, 'model__n_estimators': 100};0,39805825242718446;0,5097087378640777;0,6407766990291263;0,5412621359223301;0,470873786407767;0,5121359223300971;0,0801485565730696;55
2,029539632797241;1,0524047876792244;0,037736034393310545;0,0024037807973512387;50;;1;2;200;{'SelectKBest__k': 50, 'model__max_depth': None, 'model__min_samples_leaf': 1, 'model__min_samples_split': 2, 'model__n_estimators': 200};0,4029126213592233;0,4854368932038835;0,6359223300970874;0,5461165048543689;0,4733009708737864;0,50873786407767;0,07819301992247199;75
2,551252603530884;1,2989796776422171;0,04498686790466309;0,0026141989331673393;50;;1;2;250;{'SelectKBest__k': 50, 'model__max_depth': None, 'model__min_samples_leaf': 1, 'model__min_samples_split': 2, 'model__n_estimators': 250};0,4053398058252427;0,4854368932038835;0,6359223300970874;0,5461165048543689;0,470873786407767;0,50873786407767;0,077769959823551;75
2,993792772293091;1,5243970863765588;0,05280051231384277;0,0011659505595637185;50;;1;2;300;{'SelectKBest__k': 50, 'model__max_depth': None, 'model__min_samples_leaf': 1, 'model__min_samples_split': 2, 'model__n_estimators': 300};0,4029126213592233;0,4393203883495146;0,6456310679611651;0,5533980582524272;0,470873786407767;0,5024271844660194;0,08716262402898424;128
0,5149550437927246;0,2598224690037615;0,01280074119567871;0,0007494889593076226;50;;2;2;50;{'SelectKBest__k': 50, 'model__max_depth': None, 'model__min_samples_leaf': 2, 'model__min_samples_split': 2, 'model__n_estimators': 50};0,4029126213592233;0,470873786407767;0,6140776699029126;0,558252427184466;0,47572815533980584;0,5043689320388349;0,0737225068216296;112
1,0129804611206055;0,5184963223251622;0,020420312881469727;0,0013366039758057734;50;;2;2;100;{'SelectKBest__k': 50, 'model__max_depth': None, 'model__min_samples_leaf': 2, 'model__min_samples_split': 2, 'model__n_estimators': 100};0,4029126213592233;0,5097087378640777;0,6359223300970874;0,5655339805825242;0,4733009708737864;0,5174757281553398;0,07934183498728638;21
1,974863862991333;0,9974376721071079;0,03702220916748047;0,0019815796064966704;50;;2;2;200;{'SelectKBest__k': 50, 'model__max_depth': None, 'model__min_samples_leaf': 2, 'model__min_samples_split': 2, 'model__n_estimators': 200};0,4077669902912621;0,5048543689320388;0,6432038834951457;0,5533980582524272;0,470873786407767;0,5160194174757282;0,07931510006019458;26
2,452431583404541;1,2432287886973556;0,0443760871887207;0,0012424240858333582;50;;2;2;250;{'SelectKBest__k': 50, 'model__max_depth': None, 'model__min_samples_leaf': 2, 'model__min_samples_split': 2, 'model__n_estimators': 250};0,4029126213592233;0,4344660194174757;0,6262135922330098;0,5461165048543689;0,4733009708737864;0,4966019417475728;0,08053864754702511;184
2,755978488922119;1,3351211379684271;0,04357800483703613;0,00981896695466973;50;;2;2;300;{'SelectKBest__k': 50, 'model__max_depth': None, 'model__min_samples_leaf': 2, 'model__min_samples_split': 2, 'model__n_estimators': 300};0,4053398058252427;0,4684466019417476;0,6286407766990292;0,5606796116504854;0,4733009708737864;0,5072815533980582;0,07827434707085973;93
0,48406434059143066;0,24128158562098365;0,012401056289672852;0,000490407750943242;50;;5;2;50;{'SelectKBest__k': 50, 'model__max_depth': None, 'model__min_samples_leaf': 5, 'model__min_samples_split': 2, 'model__n_estimators': 50};0,4029126213592233;0,4344660194174757;0,6213592233009708;0,5339805825242718;0,470873786407767;0,49271844660194175;0,07770023679501688;221
0,9551743507385254;0,48686839629757594;0,021112871170043946;0,0016874042716108397;50;;5;2;100;{'SelectKBest__k': 50, 'model__max_depth': None, 'model__min_samples_leaf': 5, 'model__min_samples_split': 2, 'model__n_estimators': 100};0,4053398058252427;0,4344660194174757;0,6456310679611651;0,5655339805825242;0,46601941747572817;0,5033980582524272;0,08928080591924334;120
68,8712800502777;34,11193209141509;0,02636861801147461;0,004780179823881419;50;;5;2;200;{'SelectKBest__k': 50, 'model__max_depth': None, 'model__min_samples_leaf': 5, 'model__min_samples_split': 2, 'model__n_estimators': 200};0,4029126213592233;0,4344660194174757;0,6116504854368932;0,5461165048543689;0,4733009708737864;0,49368932038834945;0,07593015131169309;218
68,12324995994568;32,801759926387035;0,028800201416015626;0,0009792187726511677;50;;5;2;250;{'SelectKBest__k': 50, 'model__max_depth': None, 'model__min_samples_leaf': 5, 'model__min_samples_split': 2, 'model__n_estimators': 250};0,4029126213592233;0,4344660194174757;0,6310679611650486;0,5461165048543689;0,4733009708737864;0,4975728155339806;0,08210917878093278;176
1,7844331741333008;0,9175857258958608;0,03414936065673828;0,0016400865621828138;50;;5;2;300;{'SelectKBest__k': 50, 'model__max_depth': None, 'model__min_samples_leaf': 5, 'model__min_samples_split': 2, 'model__n_estimators': 300};0,4029126213592233;0,4344660194174757;0,6262135922330098;0,5436893203883495;0,47572815533980584;0,4966019417475728;0,08011326697427672;184
0,28564019203186036;0,1221261772831818;0,008199691772460938;0,0003992330034855546;80;8;1;2;50;{'SelectKBest__k': 80, 'model__max_depth': 8, 'model__min_samples_leaf': 1, 'model__min_samples_split': 2, 'model__n_estimators': 50};0,40048543689320387;0,4368932038834951;0,6553398058252428;0,5024271844660194;0,46116504854368934;0,49126213592233003;0,08848543902371471;225
0,5589340209960938;0,24395653641599754;0,013399505615234375;0,001019683608369993;80;8;1;2;100;{'SelectKBest__k': 80, 'model__max_depth': 8, 'model__min_samples_leaf': 1, 'model__min_samples_split': 2, 'model__n_estimators': 100};0,39805825242718446;0,4368932038834951;0,6504854368932039;0,529126213592233;0,46601941747572817;0,4961165048543689;0,08825878196010498;190
1,102592897415161;0,48257214818239935;0,023268938064575195;0,0008296114094010739;80;8;1;2;200;{'SelectKBest__k': 80, 'model__max_depth': 8, 'model__min_samples_leaf': 1, 'model__min_samples_split': 2, 'model__n_estimators': 200};0,39805825242718446;0,4368932038834951;0,6456310679611651;0,5;0,4684466019417476;0,4898058252427185;0,08492232510230957;228
1,3730745315551758;0,5942892386075825;0,029924488067626952;0,0019531130417815344;80;8;1;2;250;{'SelectKBest__k': 80, 'model__max_depth': 8, 'model__min_samples_leaf': 1, 'model__min_samples_split': 2, 'model__n_estimators': 250};0,40048543689320387;0,5048543689320388;0,6553398058252428;0,4878640776699029;0,46601941747572817;0,5029126213592233;0,08404369366641255;123
1,6516273021697998;0,7120864548966899;0,035324907302856444;0,002359522501262362;80;8;1;2;300;{'SelectKBest__k': 80, 'model__max_depth': 8, 'model__min_samples_leaf': 1, 'model__min_samples_split': 2, 'model__n_estimators': 300};0,40048543689320387;0,4393203883495146;0,6577669902912622;0,5121359223300971;0,46601941747572817;0,4951456310679612;0,08906146515390674;200
0,284744119644165;0,1238877863980993;0,008400297164916993;0,0004899988150299687;80;8;2;2;50;{'SelectKBest__k': 80, 'model__max_depth': 8, 'model__min_samples_leaf': 2, 'model__min_samples_split': 2, 'model__n_estimators': 50};0,4053398058252427;0,4368932038834951;0,6553398058252428;0,5558252427184466;0,46601941747572817;0,503883495145631;0,09085065260266281;115
0,5647578239440918;0,2423111424061802;0,013856983184814453;0,0006947150282890395;80;8;2;2;100;{'SelectKBest__k': 80, 'model__max_depth': 8, 'model__min_samples_leaf': 2, 'model__min_samples_split': 2, 'model__n_estimators': 100};0,40048543689320387;0,4344660194174757;0,6650485436893204;0,5072815533980582;0,46359223300970875;0,4941747572815534;0,09235556497445807;214
1,111476182937622;0,4832096863211273;0,02360053062438965;0,0004905249224842154;80;8;2;2;200;{'SelectKBest__k': 80, 'model__max_depth': 8, 'model__min_samples_leaf': 2, 'model__min_samples_split': 2, 'model__n_estimators': 200};0,40048543689320387;0,4344660194174757;0,662621359223301;0,5606796116504854;0,46359223300970875;0,5043689320388349;0,09545225014470257;112
1,3818156242370605;0,6015324353277498;0,02932453155517578;0,0014401368483369465;80;8;2;2;250;{'SelectKBest__k': 80, 'model__max_depth': 8, 'model__min_samples_leaf': 2, 'model__min_samples_split': 2, 'model__n_estimators': 250};0,40048543689320387;0,4344660194174757;0,6577669902912622;0,4878640776699029;0,46601941747572817;0,4893203883495145;0,0892412059324116;233
1,6552279949188233;0,7287066284457;0,03499979972839355;0,0015488349099296436;80;8;2;2;300;{'SelectKBest__k': 80, 'model__max_depth': 8, 'model__min_samples_leaf': 2, 'model__min_samples_split': 2, 'model__n_estimators': 300};0,4029126213592233;0,4393203883495146;0,6553398058252428;0,6140776699029126;0,46601941747572817;0,5155339805825243;0,10020010142778392;27
0,2927224636077881;0,12229131398203723;0,008503532409667969;0,000628049724213419;80;8;5;2;50;{'SelectKBest__k': 80, 'model__max_depth': 8, 'model__min_samples_leaf': 5, 'model__min_samples_split': 2, 'model__n_estimators': 50};0,39805825242718446;0,4368932038834951;0,6577669902912622;0,5218446601941747;0,46116504854368934;0,4951456310679611;0,09070008708355712;204
0,5542023658752442;0,24466324487847044;0,015093994140625;0,0011908790072794092;80;8;5;2;100;{'SelectKBest__k': 80, 'model__max_depth': 8, 'model__min_samples_leaf': 5, 'model__min_samples_split': 2, 'model__n_estimators': 100};0,39805825242718446;0,4368932038834951;0,6601941747572816;0,5218446601941747;0,4563106796116505;0,4946601941747574;0,09195666316716214;209
1,0925883769989013;0,47893062946075304;0,02396364212036133;0,000635280419724532;80;8;5;2;200;{'SelectKBest__k': 80, 'model__max_depth': 8, 'model__min_samples_leaf': 5, 'model__min_samples_split': 2, 'model__n_estimators': 200};0,40048543689320387;0,4368932038834951;0,6480582524271845;0,633495145631068;0,4684466019417476;0,5174757281553398;0,10304991757542015;21
1,3672545909881593;0,6005804746940271;0,029341697692871094;0,002378784637363466;80;8;5;2;250;{'SelectKBest__k': 80, 'model__max_depth': 8, 'model__min_samples_leaf': 5, 'model__min_samples_split': 2, 'model__n_estimators': 250};0,39805825242718446;0,4368932038834951;0,6456310679611651;0,5655339805825242;0,46601941747572817;0,5024271844660195;0,09055707818532831;127
1,6260479927062987;0,714888660998729;0,03422455787658692;0,0009999836549842507;80;8;5;2;300;{'SelectKBest__k': 80, 'model__max_depth': 8, 'model__min_samples_leaf': 5, 'model__min_samples_split': 2, 'model__n_estimators': 300};0,40048543689320387;0,4344660194174757;0,6553398058252428;0,6043689320388349;0,46359223300970875;0,5116504854368932;0,09986794938589787;58
0,359514045715332;0,1793757157284701;0,008600234985351562;0,0004894963480638605;80;16;1;2;50;{'SelectKBest__k': 80, 'model__max_depth': 16, 'model__min_samples_leaf': 1, 'model__min_samples_split': 2, 'model__n_estimators': 50};0,4053398058252427;0,47815533980582525;0,616504854368932;0,5024271844660194;0,45145631067961167;0,4907766990291262;0,0706373233142333;226
0,7164192199707031;0,35820692327825865;0,014400053024291991;0,0010193944099335219;80;16;1;2;100;{'SelectKBest__k': 80, 'model__max_depth': 16, 'model__min_samples_leaf': 1, 'model__min_samples_split': 2, 'model__n_estimators': 100};0,4029126213592233;0,4538834951456311;0,6383495145631068;0,6140776699029126;0,46601941747572817;0,5150485436893204;0,09351938912812433;31
1,443086576461792;0,7151027140923226;0,025200080871582032;0,0011659832020685433;80;16;1;2;200;{'SelectKBest__k': 80, 'model__max_depth': 16, 'model__min_samples_leaf': 1, 'model__min_samples_split': 2, 'model__n_estimators': 200};0,40048543689320387;0,4344660194174757;0,6504854368932039;0,5048543689320388;0,4587378640776699;0,4898058252427185;0,087235589482684;228
1,7516490459442138;0,8702820737886859;0,029800224304199218;0,0007485963331889932;80;16;1;2;250;{'SelectKBest__k': 80, 'model__max_depth': 16, 'model__min_samples_leaf': 1, 'model__min_samples_split': 2, 'model__n_estimators': 250};0,40048543689320387;0,5072815533980582;0,6504854368932039;0,5097087378640777;0,46359223300970875;0,5063106796116504;0,08224682086195423;102
2,1114290714263917;1,0654912533787306;0,03610224723815918;0,0015443027669975388;80;16;1;2;300;{'SelectKBest__k': 80, 'model__max_depth': 16, 'model__min_samples_leaf': 1, 'model__min_samples_split': 2, 'model__n_estimators': 300};0,40048543689320387;0,4393203883495146;0,6650485436893204;0,5097087378640777;0,46359223300970875;0,4956310679611651;0,09181561149030013;193
0,3586727619171143;0,17424844194686157;0,008200120925903321;0,0003998520086989724;80;16;2;2;50;{'SelectKBest__k': 80, 'model__max_depth': 16, 'model__min_samples_leaf': 2, 'model__min_samples_split': 2, 'model__n_estimators': 50};0,40048543689320387;0,4368932038834951;0,616504854368932;0,5242718446601942;0,46601941747572817;0,4888349514563107;0,07560358187934672;235
0,7045585632324218;0,3557492192416694;0,014023780822753906;0,0006351002684506573;80;16;2;2;100;{'SelectKBest__k': 80, 'model__max_depth': 16, 'model__min_samples_leaf': 2, 'model__min_samples_split': 2, 'model__n_estimators': 100};0,3932038834951456;0,4368932038834951;0,616504854368932;0,5072815533980582;0,46359223300970875;0,48349514563106794;0,07612851599308164;237
1,390703296661377;0,7022067058078609;0,024587440490722656;0,0011890864359800403;80;16;2;2;200;{'SelectKBest__k': 80, 'model__max_depth': 16, 'model__min_samples_leaf': 2, 'model__min_samples_split': 2, 'model__n_estimators': 200};0,40048543689320387;0,4344660194174757;0,6553398058252428;0,616504854368932;0,4587378640776699;0,5131067961165049;0,10270862727673082;44
1,8411917209625244;0,990301128374999;0,035336875915527345;0,00521163802128744;80;16;2;2;250;{'SelectKBest__k': 80, 'model__max_depth': 16, 'model__min_samples_leaf': 2, 'model__min_samples_split': 2, 'model__n_estimators': 250};0,40048543689320387;0,4344660194174757;0,6650485436893204;0,5242718446601942;0,4587378640776699;0,4966019417475728;0,0934588946649164;184
2,4822186470031737;1,4169868565095323;0,044187736511230466;0,004760381538037753;80;16;2;2;300;{'SelectKBest__k': 80, 'model__max_depth': 16, 'model__min_samples_leaf': 2, 'model__min_samples_split': 2, 'model__n_estimators': 300};0,4029126213592233;0,4344660194174757;0,6553398058252428;0,6286407766990292;0,46601941747572817;0,5174757281553397;0,10394925783455501;24
0,4168247222900391;0,2487976893612954;0,00999913215637207;0,0016717457561149249;80;16;5;2;50;{'SelectKBest__k': 80, 'model__max_depth': 16, 'model__min_samples_leaf': 5, 'model__min_samples_split': 2, 'model__n_estimators': 50};0,39805825242718446;0,4344660194174757;0,6553398058252428;0,5242718446601942;0,46359223300970875;0,4951456310679612;0,09012668998116004;200
0,9170259952545166;0,47274167554739954;0,0186007022857666;0,0012002010121897164;80;16;5;2;100;{'SelectKBest__k': 80, 'model__max_depth': 16, 'model__min_samples_leaf': 5, 'model__min_samples_split': 2, 'model__n_estimators': 100};0,39563106796116504;0,4368932038834951;0,6553398058252428;0,5412621359223301;0,46359223300970875;0,49854368932038834;0,09167691325405282;169
1,847507619857788;0,9266041170674861;0,035690832138061526;0,005413460597468938;80;16;5;2;200;{'SelectKBest__k': 80, 'model__max_depth': 16, 'model__min_samples_leaf': 5, 'model__min_samples_split': 2, 'model__n_estimators': 200};0,39563106796116504;0,4368932038834951;0,6577669902912622;0,5242718446601942;0,46601941747572817;0,4961165048543689;0,0910320379599919;190
2,2687893390655516;1,1192652915685768;0,040757036209106444;0,00157038352058322;80;16;5;2;250;{'SelectKBest__k': 80, 'model__max_depth': 16, 'model__min_samples_leaf': 5, 'model__min_samples_split': 2, 'model__n_estimators': 250};0,40048543689320387;0,4344660194174757;0,662621359223301;0,6140776699029126;0,46359223300970875;0,5150485436893204;0,10377909643932287;31
2,6543511390686034;1,3286560946956871;0,04636735916137695;0,0011067993754912942;80;16;5;2;300;{'SelectKBest__k': 80, 'model__max_depth': 16, 'model__min_samples_leaf': 5, 'model__min_samples_split': 2, 'model__n_estimators': 300};0,40048543689320387;0,4344660194174757;0,6674757281553398;0,5097087378640777;0,46359223300970875;0,4951456310679611;0,09332516381124596;204
0,49713501930236814;0,25284200565603304;0,011331319808959961;0,0006639962478854931;80;35;1;2;50;{'SelectKBest__k': 80, 'model__max_depth': 35, 'model__min_samples_leaf': 1, 'model__min_samples_split': 2, 'model__n_estimators': 50};0,40048543689320387;0,4368932038834951;0,6480582524271845;0,5315533980582524;0,4684466019417476;0,49708737864077673;0,08689727169520635;180
0,9761427402496338;0,4894592084495386;0,0186007022857666;0,0004896880119010132;80;35;1;2;100;{'SelectKBest__k': 80, 'model__max_depth': 35, 'model__min_samples_leaf': 1, 'model__min_samples_split': 2, 'model__n_estimators': 100};0,39563106796116504;0,4393203883495146;0,6650485436893204;0,5121359223300971;0,46359223300970875;0,4951456310679611;0,09292028049712932;204
1,9426513671875;0,9928496041028572;0,03439154624938965;0,0012096658990161562;80;35;1;2;200;{'SelectKBest__k': 80, 'model__max_depth': 35, 'model__min_samples_leaf': 1, 'model__min_samples_split': 2, 'model__n_estimators': 200};0,40048543689320387;0,48058252427184467;0,6432038834951457;0,5072815533980582;0,46359223300970875;0,4990291262135922;0,08020146185655685;165
2,3967254161834717;1,2001082208121416;0,04020061492919922;0,0011672599110952983;80;35;1;2;250;{'SelectKBest__k': 80, 'model__max_depth': 35, 'model__min_samples_leaf': 1, 'model__min_samples_split': 2, 'model__n_estimators': 250};0,40048543689320387;0,5169902912621359;0,6432038834951457;0,5121359223300971;0,4587378640776699;0,5063106796116505;0,0804361754454679;101
2,8641047954559324;1,4629852311578277;0,04619927406311035;0,0014697823187657744;80;35;1;2;300;{'SelectKBest__k': 80, 'model__max_depth': 35, 'model__min_samples_leaf': 1, 'model__min_samples_split': 2, 'model__n_estimators': 300};0,4029126213592233;0,4368932038834951;0,6601941747572816;0,5121359223300971;0,46116504854368934;0,49466019417475726;0,09009269323064308;210
0,49065961837768557;0,24834061933746485;0,011232900619506835;0,0007869209743575461;80;35;2;2;50;{'SelectKBest__k': 80, 'model__max_depth': 35, 'model__min_samples_leaf': 2, 'model__min_samples_split': 2, 'model__n_estimators': 50};0,39563106796116504;0,4368932038834951;0,6577669902912622;0,49271844660194175;0,4684466019417476;0,49029126213592233;0,089825502960935;227
0,9692111492156983;0,48415741782084853;0,01920156478881836;0,0024833995779351774;80;35;2;2;100;{'SelectKBest__k': 80, 'model__max_depth': 35, 'model__min_samples_leaf': 2, 'model__min_samples_split': 2, 'model__n_estimators': 100};0,39563106796116504;0,4344660194174757;0,633495145631068;0,49029126213592233;0,46359223300970875;0,48349514563106794;0,08132190909270653;237
1,909078550338745;0,9797804539417438;0,03314914703369141;0,0022315190048617347;80;35;2;2;200;{'SelectKBest__k': 80, 'model__max_depth': 35, 'model__min_samples_leaf': 2, 'model__min_samples_split': 2, 'model__n_estimators': 200};0,40048543689320387;0,4344660194174757;0,6480582524271845;0,5266990291262136;0,4684466019417476;0,4956310679611651;0,0868701493524953;193
2,3372190952301026;1,2037778892751434;0,03911614418029785;0,0012167438078090312;80;35;2;2;250;{'SelectKBest__k': 80, 'model__max_depth': 35, 'model__min_samples_leaf': 2, 'model__min_samples_split': 2, 'model__n_estimators': 250};0,40048543689320387;0,4368932038834951;0,6480582524271845;0,5703883495145631;0,46359223300970875;0,503883495145631;0,09166406020910425;115
2,7854645252227783;1,413366107842229;0,050530529022216795;0,0045517137615387;80;35;2;2;300;{'SelectKBest__k': 80, 'model__max_depth': 35, 'model__min_samples_leaf': 2, 'model__min_samples_split': 2, 'model__n_estimators': 300};0,39805825242718446;0,4368932038834951;0,6407766990291263;0,5097087378640777;0,46359223300970875;0,4898058252427185;0,08377690098953254;228
0,46472964286804197;0,235326484305314;0,01077728271484375;0,0007125986080670087;80;35;5;2;50;{'SelectKBest__k': 80, 'model__max_depth': 35, 'model__min_samples_leaf': 5, 'model__min_samples_split': 2, 'model__n_estimators': 50};0,39805825242718446;0,4368932038834951;0,6067961165048543;0,5509708737864077;0,4684466019417476;0,49223300970873785;0,07625223187219875;222
0,9072043895721436;0,46236636679314835;0,01860074996948242;0,0008000974482544616;80;35;5;2;100;{'SelectKBest__k': 80, 'model__max_depth': 35, 'model__min_samples_leaf': 5, 'model__min_samples_split': 2, 'model__n_estimators': 100};0,40048543689320387;0,4368932038834951;0,6650485436893204;0,5339805825242718;0,46601941747572817;0,5004854368932039;0,09320388349514565;150
1,7942133903503419;0,9190183512566833;0,03242950439453125;0,0015648063407481363;80;35;5;2;200;{'SelectKBest__k': 80, 'model__max_depth': 35, 'model__min_samples_leaf': 5, 'model__min_samples_split': 2, 'model__n_estimators': 200};0,40048543689320387;0,4368932038834951;0,6601941747572816;0,6019417475728155;0,46359223300970875;0,5126213592233009;0,10046784706043427;49
2,201655960083008;1,1173668768216931;0,03879995346069336;0,0014698341265069023;80;35;5;2;250;{'SelectKBest__k': 80, 'model__max_depth': 35, 'model__min_samples_leaf': 5, 'model__min_samples_split': 2, 'model__n_estimators': 250};0,40048543689320387;0,4368932038834951;0,6529126213592233;0,5922330097087378;0,46116504854368934;0,5087378640776699;0,09685165558597622;80
2,6470283031463624;1,3466078625089397;0,04699907302856445;0,0019997361504373997;80;35;5;2;300;{'SelectKBest__k': 80, 'model__max_depth': 35, 'model__min_samples_leaf': 5, 'model__min_samples_split': 2, 'model__n_estimators': 300};0,39805825242718446;0,4368932038834951;0,6529126213592233;0,6262135922330098;0,46359223300970875;0,5155339805825243;0,10373594457383377;27
0,5029191970825195;0,2447667598186927;0,011000442504882812;0,000633014364521381;80;;1;2;50;{'SelectKBest__k': 80, 'model__max_depth': None, 'model__min_samples_leaf': 1, 'model__min_samples_split': 2, 'model__n_estimators': 50};0,39805825242718446;0,4368932038834951;0,6601941747572816;0,4587378640776699;0,46359223300970875;0,48349514563106794;0,0913266658866403;237
0,9545254707336426;0,4905047306733548;0,01900019645690918;0,001415224285496269;80;;1;2;100;{'SelectKBest__k': 80, 'model__max_depth': None, 'model__min_samples_leaf': 1, 'model__min_samples_split': 2, 'model__n_estimators': 100};0,40048543689320387;0,5679611650485437;0,6529126213592233;0,5436893203883495;0,4538834951456311;0,5237864077669903;0,08844281854365826;6
1,9064963340759278;0,9882757411358716;0,03200397491455078;0,0016732747786170044;80;;1;2;200;{'SelectKBest__k': 80, 'model__max_depth': None, 'model__min_samples_leaf': 1, 'model__min_samples_split': 2, 'model__n_estimators': 200};0,40048543689320387;0,4368932038834951;0,6359223300970874;0,5970873786407767;0,46116504854368934;0,5063106796116504;0,09283909194471396;102
2,370000123977661;1,2122607551388316;0,039317750930786134;0,0010653064786678283;80;;1;2;250;{'SelectKBest__k': 80, 'model__max_depth': None, 'model__min_samples_leaf': 1, 'model__min_samples_split': 2, 'model__n_estimators': 250};0,3932038834951456;0,4368932038834951;0,6456310679611651;0,5024271844660194;0,4684466019417476;0,48932038834951463;0,08605524249056151;232
2,8752590656280517;1,4497898702568;0,0478400707244873;0,001993113808718825;80;;1;2;300;{'SelectKBest__k': 80, 'model__max_depth': None, 'model__min_samples_leaf': 1, 'model__min_samples_split': 2, 'model__n_estimators': 300};0,40048543689320387;0,4587378640776699;0,6480582524271845;0,6043689320388349;0,46359223300970875;0,5150485436893204;0,09445958329285661;31
0,4872142314910889;0,23933714586011395;0,010998725891113281;0,0006308273567186747;80;;2;2;50;{'SelectKBest__k': 80, 'model__max_depth': None, 'model__min_samples_leaf': 2, 'model__min_samples_split': 2, 'model__n_estimators': 50};0,39563106796116504;0,4368932038834951;0,6601941747572816;0,5485436893203883;0,46601941747572817;0,5014563106796116;0,0938489007657831;144
0,9582780838012696;0,5047746391895271;0,018399429321289063;0,0010203660337880457;80;;2;2;100;{'SelectKBest__k': 80, 'model__max_depth': None, 'model__min_samples_leaf': 2, 'model__min_samples_split': 2, 'model__n_estimators': 100};0,40048543689320387;0,4368932038834951;0,6529126213592233;0,6043689320388349;0,4587378640776699;0,5106796116504855;0,09929053637497351;64
1,8675759792327882;0,9460608011209064;0,03280296325683594;0,001354727100150052;80;;2;2;200;{'SelectKBest__k': 80, 'model__max_depth': None, 'model__min_samples_leaf': 2, 'model__min_samples_split': 2, 'model__n_estimators': 200};0,40048543689320387;0,4368932038834951;0,6577669902912622;0,6067961165048543;0,46359223300970875;0,5131067961165048;0,10064594844058997;48
2,3145009517669677;1,1868590985568002;0,03833680152893067;0,001726013629976184;80;;2;2;250;{'SelectKBest__k': 80, 'model__max_depth': None, 'model__min_samples_leaf': 2, 'model__min_samples_split': 2, 'model__n_estimators': 250};0,40048543689320387;0,4368932038834951;0,6480582524271845;0,6140776699029126;0,46116504854368934;0,5121359223300971;0,09959149287895996;55
2,787160873413086;1,4301127657316732;0,047400379180908205;0,0024162371630112906;80;;2;2;300;{'SelectKBest__k': 80, 'model__max_depth': None, 'model__min_samples_leaf': 2, 'model__min_samples_split': 2, 'model__n_estimators': 300};0,40048543689320387;0,4368932038834951;0,662621359223301;0,616504854368932;0,46116504854368934;0,5155339805825243;0,10412140437442187;27
0,4557835578918457;0,22623259293367906;0,011200141906738282;0,00039985510779989473;80;;5;2;50;{'SelectKBest__k': 80, 'model__max_depth': None, 'model__min_samples_leaf': 5, 'model__min_samples_split': 2, 'model__n_estimators': 50};0,40048543689320387;0,4368932038834951;0,6504854368932039;0,5412621359223301;0,46359223300970875;0,49854368932038834;0,08893702025307518;169
0,8924843788146972;0,4535276031625236;0,018291521072387695;0,0013134537160237653;80;;5;2;100;{'SelectKBest__k': 80, 'model__max_depth': None, 'model__min_samples_leaf': 5, 'model__min_samples_split': 2, 'model__n_estimators': 100};0,39563106796116504;0,4368932038834951;0,6577669902912622;0,6237864077669902;0,46359223300970875;0,5155339805825243;0,10507886790212768;27
1,781855583190918;0,9080259834484095;0,03357858657836914;0,001366495252289693;80;;5;2;200;{'SelectKBest__k': 80, 'model__max_depth': None, 'model__min_samples_leaf': 5, 'model__min_samples_split': 2, 'model__n_estimators': 200};0,40048543689320387;0,4344660194174757;0,6359223300970874;0,5800970873786407;0,46601941747572817;0,5033980582524272;0,08964956229245606;120
2,2083956718444826;1,0983453996287775;0,039399576187133786;0,0016251186617519695;80;;5;2;250;{'SelectKBest__k': 80, 'model__max_depth': None, 'model__min_samples_leaf': 5, 'model__min_samples_split': 2, 'model__n_estimators': 250};0,4029126213592233;0,4344660194174757;0,6456310679611651;0,6213592233009708;0,46359223300970875;0,5135922330097087;0,10005889490127388;38
2,669524383544922;1,3778865734522374;0,04580059051513672;0,0024821853495528676;80;;5;2;300;{'SelectKBest__k': 80, 'model__max_depth': None, 'model__min_samples_leaf': 5, 'model__min_samples_split': 2, 'model__n_estimators': 300};0,40048543689320387;0,4368932038834951;0,633495145631068;0,6237864077669902;0,46359223300970875;0,5116504854368932;0,09764886183052551;58
0,4138157367706299;0,1736252740797926;0,011198997497558594;0,000399233971679006;all;8;1;2;50;{'SelectKBest__k': 'all', 'model__max_depth': 8, 'model__min_samples_leaf': 1, 'model__min_samples_split': 2, 'model__n_estimators': 50};0,39563106796116504;0,5679611650485437;0,6432038834951457;0,5655339805825242;0,4684466019417476;0,5281553398058253;0,08642412848259373;4
0,8119029998779297;0,3546453831646929;0,017338943481445313;0,0005503046728992727;all;8;1;2;100;{'SelectKBest__k': 'all', 'model__max_depth': 8, 'model__min_samples_leaf': 1, 'model__min_samples_split': 2, 'model__n_estimators': 100};0,39563106796116504;0,4368932038834951;0,6432038834951457;0,5485436893203883;0,470873786407767;0,4990291262135922;0,08784396057853654;165
1,6366742610931397;0,711879059457477;0,032328557968139646;0,0021906249583673564;all;8;1;2;200;{'SelectKBest__k': 'all', 'model__max_depth': 8, 'model__min_samples_leaf': 1, 'model__min_samples_split': 2, 'model__n_estimators': 200};0,39563106796116504;0,5509708737864077;0,6553398058252428;0,5218446601941747;0,4684466019417476;0,5184466019417476;0,08647864443356641;14
2,0083579540252687;0,8704971901152974;0,0388035774230957;0,0019397974012817037;all;8;1;2;250;{'SelectKBest__k': 'all', 'model__max_depth': 8, 'model__min_samples_leaf': 1, 'model__min_samples_split': 2, 'model__n_estimators': 250};0,39805825242718446;0,4830097087378641;0,6407766990291263;0,5412621359223301;0,4733009708737864;0,5072815533980581;0,08080738308177098;100
2,402539587020874;1,0629231920546232;0,046554183959960936;0,002764515763593765;all;8;1;2;300;{'SelectKBest__k': 'all', 'model__max_depth': 8, 'model__min_samples_leaf': 1, 'model__min_samples_split': 2, 'model__n_estimators': 300};0,39563106796116504;0,4393203883495146;0,6553398058252428;0,5849514563106796;0,470873786407767;0,5092233009708738;0,09627573355974378;72
0,4149008274078369;0,18095591104407527;0,011200714111328124;0,0003996868686450347;all;8;2;2;50;{'SelectKBest__k': 'all', 'model__max_depth': 8, 'model__min_samples_leaf': 2, 'model__min_samples_split': 2, 'model__n_estimators': 50};0,39805825242718446;0,4368932038834951;0,6359223300970874;0,6043689320388349;0,46601941747572817;0,508252427184466;0,09439969133927566;84
0,811521577835083;0,34881469643282137;0,01844816207885742;0,0012264499246522674;all;8;2;2;100;{'SelectKBest__k': 'all', 'model__max_depth': 8, 'model__min_samples_leaf': 2, 'model__min_samples_split': 2, 'model__n_estimators': 100};0,39805825242718446;0,4368932038834951;0,6456310679611651;0,558252427184466;0,4733009708737864;0,5024271844660194;0,08906146515390674;128
1,6212907791137696;0,7167880635201332;0,03140034675598145;0,0007995257843264823;all;8;2;2;200;{'SelectKBest__k': 'all', 'model__max_depth': 8, 'model__min_samples_leaf': 2, 'model__min_samples_split': 2, 'model__n_estimators': 200};0,3932038834951456;0,4368932038834951;0,6456310679611651;0,6189320388349514;0,470873786407767;0,5131067961165049;0,10072786290751796;44
2,0382497310638428;0,8483998213397616;0,03806495666503906;0,0006459387403345114;all;8;2;2;250;{'SelectKBest__k': 'all', 'model__max_depth': 8, 'model__min_samples_leaf': 2, 'model__min_samples_split': 2, 'model__n_estimators': 250};0,3932038834951456;0,4368932038834951;0,6383495145631068;0,5461165048543689;0,470873786407767;0,49708737864077673;0,08655763157428494;180
2,420483446121216;1,0491757666336003;0,04782085418701172;0,002878196222082841;all;8;2;2;300;{'SelectKBest__k': 'all', 'model__max_depth': 8, 'model__min_samples_leaf': 2, 'model__min_samples_split': 2, 'model__n_estimators': 300};0,39805825242718446;0,4344660194174757;0,6577669902912622;0,5436893203883495;0,47572815533980584;0,5019417475728156;0,09171289219709004;134
0,4007713794708252;0,17688994931124363;0,010600471496582031;0,0004899024499258622;all;8;5;2;50;{'SelectKBest__k': 'all', 'model__max_depth': 8, 'model__min_samples_leaf': 5, 'model__min_samples_split': 2, 'model__n_estimators': 50};0,39563106796116504;0,4344660194174757;0,6432038834951457;0,5995145631067961;0,4684466019417476;0,508252427184466;0,09618022796936315;84
0,8152273178100586;0,3706719334425094;0,017799949645996092;0,0017208727389325298;all;8;5;2;100;{'SelectKBest__k': 'all', 'model__max_depth': 8, 'model__min_samples_leaf': 5, 'model__min_samples_split': 2, 'model__n_estimators': 100};0,3932038834951456;0,4344660194174757;0,6480582524271845;0,558252427184466;0,470873786407767;0,5009708737864078;0,0914968063211577;145
1,5813454151153565;0,7077541488457632;0,03353719711303711;0,0016702066811263559;all;8;5;2;200;{'SelectKBest__k': 'all', 'model__max_depth': 8, 'model__min_samples_leaf': 5, 'model__min_samples_split': 2, 'model__n_estimators': 200};0,3932038834951456;0,4344660194174757;0,6504854368932039;0,5097087378640777;0,4733009708737864;0,49223300970873785;0,08814924490285839;222
1,957405948638916;0,8694783710212816;0,03961381912231445;0,0031714338038042675;all;8;5;2;250;{'SelectKBest__k': 'all', 'model__max_depth': 8, 'model__min_samples_leaf': 5, 'model__min_samples_split': 2, 'model__n_estimators': 250};0,39805825242718446;0,4368932038834951;0,6504854368932039;0,5995145631067961;0,4684466019417476;0,5106796116504855;0,09731284499546945;64
2,35259108543396;1,0438158365252665;0,04616985321044922;0,0007591456711106691;all;8;5;2;300;{'SelectKBest__k': 'all', 'model__max_depth': 8, 'model__min_samples_leaf': 5, 'model__min_samples_split': 2, 'model__n_estimators': 300};0,3932038834951456;0,4368932038834951;0,6480582524271845;0,5485436893203883;0,4830097087378641;0,5019417475728155;0,08937050092757044;135
0,5115550041198731;0,25425992026481825;0,011353635787963867;0,000996123296044402;all;16;1;2;50;{'SelectKBest__k': 'all', 'model__max_depth': 16, 'model__min_samples_leaf': 1, 'model__min_samples_split': 2, 'model__n_estimators': 50};0,3932038834951456;0,5655339805825242;0,6674757281553398;0,49514563106796117;0,46116504854368934;0,516504854368932;0,09372075532806429;25
0,992388105392456;0,497004070151615;0,019800901412963867;0,002637661249876506;all;16;1;2;100;{'SelectKBest__k': 'all', 'model__max_depth': 16, 'model__min_samples_leaf': 1, 'model__min_samples_split': 2, 'model__n_estimators': 100};0,3932038834951456;0,4320388349514563;0,6577669902912622;0,5485436893203883;0,46601941747572817;0,49951456310679615;0,0942597954564658;157
1,9815756797790527;0,9860311577550972;0,032201290130615234;0,0007491575981873961;all;16;1;2;200;{'SelectKBest__k': 'all', 'model__max_depth': 16, 'model__min_samples_leaf': 1, 'model__min_samples_split': 2, 'model__n_estimators': 200};0,39563106796116504;0,5145631067961165;0,633495145631068;0,5509708737864077;0,46359223300970875;0,5116504854368932;0,080213213847514;58
2,4831517219543455;1,2432480623238007;0,03980073928833008;0,0015996816303700478;all;16;1;2;250;{'SelectKBest__k': 'all', 'model__max_depth': 16, 'model__min_samples_leaf': 1, 'model__min_samples_split': 2, 'model__n_estimators': 250};0,39563106796116504;0,4368932038834951;0,6699029126213593;0,5728155339805825;0,46359223300970875;0,5077669902912622;0,10006831486880571;91
3,049269437789917;1,5986140779534224;0,04891805648803711;0,0042004761201280254;all;16;1;2;300;{'SelectKBest__k': 'all', 'model__max_depth': 16, 'model__min_samples_leaf': 1, 'model__min_samples_split': 2, 'model__n_estimators': 300};0,4029126213592233;0,4368932038834951;0,6407766990291263;0,558252427184466;0,4684466019417476;0,5014563106796117;0,08672354212656577;141
0,4945963382720947;0,2424472482902654;0,011077976226806641;0,0007600042475656834;all;16;2;2;50;{'SelectKBest__k': 'all', 'model__max_depth': 16, 'model__min_samples_leaf': 2, 'model__min_samples_split': 2, 'model__n_estimators': 50};0,39805825242718446;0,4368932038834951;0,6407766990291263;0,6092233009708737;0,4684466019417476;0,5106796116504855;0,0964860015575292;64
0,9998331546783448;0,5073402721391612;0,018799448013305665;0,0011667360544904213;all;16;2;2;100;{'SelectKBest__k': 'all', 'model__max_depth': 16, 'model__min_samples_leaf': 2, 'model__min_samples_split': 2, 'model__n_estimators': 100};0,39805825242718446;0,46359223300970875;0,6407766990291263;0,5145631067961165;0,46601941747572817;0,4966019417475728;0,08104906471238972;184
2,172713041305542;1,1621379619885863;0,03655242919921875;0,001345341187156018;all;16;2;2;200;{'SelectKBest__k': 'all', 'model__max_depth': 16, 'model__min_samples_leaf': 2, 'model__min_samples_split': 2, 'model__n_estimators': 200};0,39805825242718446;0,4368932038834951;0,6553398058252428;0,5145631067961165;0,4684466019417476;0,49466019417475726;0,08896086360353639;210
2,86548490524292;1,4526483042115723;0,04830842018127442;0,004406809107117676;all;16;2;2;250;{'SelectKBest__k': 'all', 'model__max_depth': 16, 'model__min_samples_leaf': 2, 'model__min_samples_split': 2, 'model__n_estimators': 250};0,39805825242718446;0,4368932038834951;0,6601941747572816;0,6092233009708737;0,4684466019417476;0,5145631067961165;0,10188394107677358;35
3,4770620822906495;1,7297231512518332;0,058498811721801755;0,0043724270140801;all;16;2;2;300;{'SelectKBest__k': 'all', 'model__max_depth': 16, 'model__min_samples_leaf': 2, 'model__min_samples_split': 2, 'model__n_estimators': 300};0,39805825242718446;0,4368932038834951;0,6504854368932039;0,5898058252427184;0,470873786407767;0,5092233009708738;0,09540286210903494;72
0,5914369106292725;0,28024163167654775;0,014062881469726562;0,0015058436447877523;all;16;5;2;50;{'SelectKBest__k': 'all', 'model__max_depth': 16, 'model__min_samples_leaf': 5, 'model__min_samples_split': 2, 'model__n_estimators': 50};0,40048543689320387;0,4368932038834951;0,6747572815533981;0,5533980582524272;0,47815533980582525;0,5087378640776699;0,09733705759194662;80
1,1199052810668946;0,5836022032958852;0,021399927139282227;0,0014971157272237147;all;16;5;2;100;{'SelectKBest__k': 'all', 'model__max_depth': 16, 'model__min_samples_leaf': 5, 'model__min_samples_split': 2, 'model__n_estimators': 100};0,39563106796116504;0,4344660194174757;0,6577669902912622;0,5728155339805825;0,48058252427184467;0,508252427184466;0,09530648182766703;84
2,170758295059204;1,0937256233024444;0,037395048141479495;0,002333351626101282;all;16;5;2;200;{'SelectKBest__k': 'all', 'model__max_depth': 16, 'model__min_samples_leaf': 5, 'model__min_samples_split': 2, 'model__n_estimators': 200};0,39805825242718446;0,4368932038834951;0,6529126213592233;0,5728155339805825;0,47572815533980584;0,5072815533980582;0,09314824391031863;93
2,7179498195648195;1,35045967825715;0,050916433334350586;0,011692400147357502;all;16;5;2;250;{'SelectKBest__k': 'all', 'model__max_depth': 16, 'model__min_samples_leaf': 5, 'model__min_samples_split': 2, 'model__n_estimators': 250};0,39563106796116504;0,4344660194174757;0,6553398058252428;0,5412621359223301;0,48058252427184467;0,5014563106796117;0,09098025047260568;141
3,2383111476898194;1,6142172107995643;0,0517998218536377;0,0007489152915677513;all;16;5;2;300;{'SelectKBest__k': 'all', 'model__max_depth': 16, 'model__min_samples_leaf': 5, 'model__min_samples_split': 2, 'model__n_estimators': 300};0,3932038834951456;0,4368932038834951;0,6504854368932039;0,5169902912621359;0,470873786407767;0,49368932038834956;0,08828547769948927;216
0,6089060306549072;0,31321535323374106;0,013003826141357422;0,0012637122587269409;all;35;1;2;50;{'SelectKBest__k': 'all', 'model__max_depth': 35, 'model__min_samples_leaf': 1, 'model__min_samples_split': 2, 'model__n_estimators': 50};0,4029126213592233;0,4368932038834951;0,6529126213592233;0,529126213592233;0,4684466019417476;0,4980582524271845;0,08788150875745943;173
1,1609597206115723;0,5829669159667321;0,02057819366455078;0,0004736312718787282;all;35;1;2;100;{'SelectKBest__k': 'all', 'model__max_depth': 35, 'model__min_samples_leaf': 1, 'model__min_samples_split': 2, 'model__n_estimators': 100};0,40048543689320387;0,5412621359223301;0,6480582524271845;0,6189320388349514;0,4733009708737864;0,5364077669902912;0,09138599320970946;1
2,347544527053833;1,195161546952438;0,03640074729919433;0,0018550937996349114;all;35;1;2;200;{'SelectKBest__k': 'all', 'model__max_depth': 35, 'model__min_samples_leaf': 1, 'model__min_samples_split': 2, 'model__n_estimators': 200};0,39563106796116504;0,4368932038834951;0,6504854368932039;0,5558252427184466;0,4733009708737864;0,5024271844660194;0,09090769842719698;128
2,9087642669677733;1,477166046840541;0,04575567245483399;0,001866736832943872;all;35;1;2;250;{'SelectKBest__k': 'all', 'model__max_depth': 35, 'model__min_samples_leaf': 1, 'model__min_samples_split': 2, 'model__n_estimators': 250};0,39563106796116504;0,44660194174757284;0,6480582524271845;0,5097087378640777;0,4684466019417476;0,49368932038834956;0,0855058195048499;216
3,4691521644592287;1,7756164431130728;0,05352959632873535;0,0020046394660100065;all;35;1;2;300;{'SelectKBest__k': 'all', 'model__max_depth': 35, 'model__min_samples_leaf': 1, 'model__min_samples_split': 2, 'model__n_estimators': 300};0,39563106796116504;0,5703883495145631;0,6529126213592233;0,5898058252427184;0,4684466019417476;0,5354368932038835;0,09166406020910424;2
0,5881074905395508;0,29596030481999946;0,012800264358520507;0,00039830791522087297;all;35;2;2;50;{'SelectKBest__k': 'all', 'model__max_depth': 35, 'model__min_samples_leaf': 2, 'model__min_samples_split': 2, 'model__n_estimators': 50};0,3932038834951456;0,4368932038834951;0,6577669902912622;0,5194174757281553;0,4684466019417476;0,4951456310679612;0,09114069590057568;200
1,1461410045623779;0,5721719297644552;0,021189498901367187;0,0007376536662158183;all;35;2;2;100;{'SelectKBest__k': 'all', 'model__max_depth': 35, 'model__min_samples_leaf': 2, 'model__min_samples_split': 2, 'model__n_estimators': 100};0,3932038834951456;0,4393203883495146;0,6432038834951457;0,5631067961165048;0,470873786407767;0,5019417475728155;0,08989630708187209;135
2,282349729537964;1,1469421585199673;0,0380612850189209;0,0027236053349901455;all;35;2;2;200;{'SelectKBest__k': 'all', 'model__max_depth': 35, 'model__min_samples_leaf': 2, 'model__min_samples_split': 2, 'model__n_estimators': 200};0,39563106796116504;0,4368932038834951;0,6456310679611651;0,5946601941747572;0,4684466019417476;0,5082524271844661;0,09560272607470696;82
2,8160841941833494;1,4018164325677822;0,039617061614990234;0,00855985050135251;all;35;2;2;250;{'SelectKBest__k': 'all', 'model__max_depth': 35, 'model__min_samples_leaf': 2, 'model__min_samples_split': 2, 'model__n_estimators': 250};0,39563106796116504;0,4368932038834951;0,6432038834951457;0,6140776699029126;0,4733009708737864;0,5126213592233009;0,09829827396516237;49
2,9250709056854247;1,207299489119623;0,038599920272827146;0,011180502967581236;all;35;2;2;300;{'SelectKBest__k': 'all', 'model__max_depth': 35, 'model__min_samples_leaf': 2, 'model__min_samples_split': 2, 'model__n_estimators': 300};0,39563106796116504;0,4368932038834951;0,6553398058252428;0,5946601941747572;0,4733009708737864;0,5111650485436894;0,0980366216649795;61
31,242067337036133;37,81748962184067;0,011200714111328124;0,0022263794664728474;all;35;5;2;50;{'SelectKBest__k': 'all', 'model__max_depth': 35, 'model__min_samples_leaf': 5, 'model__min_samples_split': 2, 'model__n_estimators': 50};0,39563106796116504;0,4368932038834951;0,6456310679611651;0,5339805825242718;0,4830097087378641;0,4990291262135923;0,08662838640173548;161
76,22964577674865;0,4963022526867463;0,013301897048950195;0,0005984540645981994;all;35;5;2;100;{'SelectKBest__k': 'all', 'model__max_depth': 35, 'model__min_samples_leaf': 5, 'model__min_samples_split': 2, 'model__n_estimators': 100};0,3932038834951456;0,4368932038834951;0,6699029126213593;0,5364077669902912;0,4684466019417476;0,5009708737864078;0,09651042159324141;145
16,146439027786254;29,049596216985694;0,02479977607727051;0,002039731267820711;all;35;5;2;200;{'SelectKBest__k': 'all', 'model__max_depth': 35, 'model__min_samples_leaf': 5, 'model__min_samples_split': 2, 'model__n_estimators': 200};0,3907766990291262;0,4368932038834951;0,6529126213592233;0,5509708737864077;0,47815533980582525;0,5019417475728155;0,09203350932935199;135
1,7141047954559325;0,8738687217618498;0,028353500366210937;0,0008671776002655994;all;35;5;2;250;{'SelectKBest__k': 'all', 'model__max_depth': 35, 'model__min_samples_leaf': 5, 'model__min_samples_split': 2, 'model__n_estimators': 250};0,39563106796116504;0,4344660194174757;0,6480582524271845;0,6407766990291263;0,470873786407767;0,5179611650485437;0,10598322580103131;16
2,079085111618042;1,0715218621132152;0,03494563102722168;0,0008390724179454638;all;35;5;2;300;{'SelectKBest__k': 'all', 'model__max_depth': 35, 'model__min_samples_leaf': 5, 'model__min_samples_split': 2, 'model__n_estimators': 300};0,39563106796116504;0,4368932038834951;0,6480582524271845;0,6189320388349514;0,470873786407767;0,5140776699029126;0,10079568446415835;36
0,3867656230926514;0,1944885585963623;0,008800983428955078;0,0007489023670341032;all;;1;2;50;{'SelectKBest__k': 'all', 'model__max_depth': None, 'model__min_samples_leaf': 1, 'model__min_samples_split': 2, 'model__n_estimators': 50};0,4029126213592233;0,5728155339805825;0,6456310679611651;0,5;0,4733009708737864;0,5189320388349514;0,08349514563106797;11
0,75435471534729;0,38655448456656066;0,013599395751953125;0,0008003118153240211;all;;1;2;100;{'SelectKBest__k': 'all', 'model__max_depth': None, 'model__min_samples_leaf': 1, 'model__min_samples_split': 2, 'model__n_estimators': 100};0,39805825242718446;0,529126213592233;0,6504854368932039;0,5703883495145631;0,470873786407767;0,5237864077669903;0,08586059984262337;6
1,4840897083282472;0,7511825615704314;0,024200582504272462;0,00039810276205007436;all;;1;2;200;{'SelectKBest__k': 'all', 'model__max_depth': None, 'model__min_samples_leaf': 1, 'model__min_samples_split': 2, 'model__n_estimators': 200};0,3932038834951456;0,4368932038834951;0,6601941747572816;0,5922330097087378;0,46601941747572817;0,5097087378640776;0,10024007377973054;71
1,8629053115844727;0,9433568841774914;0,029594230651855468;0,0008042647317147749;all;;1;2;250;{'SelectKBest__k': 'all', 'model__max_depth': None, 'model__min_samples_leaf': 1, 'model__min_samples_split': 2, 'model__n_estimators': 250};0,39563106796116504;0,46601941747572817;0,6504854368932039;0,5509708737864077;0,4684466019417476;0,5063106796116504;0,08727879948569663;102
2,244997835159302;1,1343013188007245;0,03500022888183594;0,000632108951950321;all;;1;2;300;{'SelectKBest__k': 'all', 'model__max_depth': None, 'model__min_samples_leaf': 1, 'model__min_samples_split': 2, 'model__n_estimators': 300};0,39563106796116504;0,441747572815534;0,6456310679611651;0,5776699029126213;0,46601941747572817;0,5053398058252426;0,09223811942923202;110
0,3773815631866455;0,1929348754477187;0,008800315856933593;0,0007485959687088792;all;;2;2;50;{'SelectKBest__k': 'all', 'model__max_depth': None, 'model__min_samples_leaf': 2, 'model__min_samples_split': 2, 'model__n_estimators': 50};0,4053398058252427;0,4368932038834951;0,6529126213592233;0,5194174757281553;0,4684466019417476;0,4966019417475729;0,08676429120494636;183
0,7554597854614258;0,390152039357605;0,013599491119384766;0,0004897654920852252;all;;2;2;100;{'SelectKBest__k': 'all', 'model__max_depth': None, 'model__min_samples_leaf': 2, 'model__min_samples_split': 2, 'model__n_estimators': 100};0,39563106796116504;0,4368932038834951;0,6650485436893204;0,5679611650485437;0,470873786407767;0,5072815533980582;0,09728135961068234;93
1,4868751049041748;0,7623369972708399;0,02419905662536621;0,000747997146401927;all;;2;2;200;{'SelectKBest__k': 'all', 'model__max_depth': None, 'model__min_samples_leaf': 2, 'model__min_samples_split': 2, 'model__n_estimators': 200};0,39563106796116504;0,4368932038834951;0,6577669902912622;0,5849514563106796;0,4684466019417476;0,50873786407767;0,09756677757485786;75
1,8511220932006835;0,9316889468525444;0,030800485610961915;0,0011659998184081258;all;;2;2;250;{'SelectKBest__k': 'all', 'model__max_depth': None, 'model__min_samples_leaf': 2, 'model__min_samples_split': 2, 'model__n_estimators': 250};0,3932038834951456;0,4368932038834951;0,6480582524271845;0,6189320388349514;0,470873786407767;0,5135922330097087;0,1013691733389477;38
2,2249754428863526;1,150306096715129;0,034800052642822266;0,0009800561029338767;all;;2;2;300;{'SelectKBest__k': 'all', 'model__max_depth': None, 'model__min_samples_leaf': 2, 'model__min_samples_split': 2, 'model__n_estimators': 300};0,39563106796116504;0,4368932038834951;0,6553398058252428;0,5679611650485437;0,470873786407767;0,5053398058252427;0,09415974257246086;108
0,36943750381469725;0,17628695164266953;0,008600950241088867;0,0004901744510226931;all;;5;2;50;{'SelectKBest__k': 'all', 'model__max_depth': None, 'model__min_samples_leaf': 5, 'model__min_samples_split': 2, 'model__n_estimators': 50};0,39563106796116504;0,4368932038834951;0,6529126213592233;0,529126213592233;0,47572815533980584;0,49805825242718454;0,08907998462641602;172
0,7196581840515137;0,375881426462986;0,01399993896484375;0,0006325606250614472;all;;5;2;100;{'SelectKBest__k': 'all', 'model__max_depth': None, 'model__min_samples_leaf': 5, 'model__min_samples_split': 2, 'model__n_estimators': 100};0,39563106796116504;0,4368932038834951;0,6480582524271845;0,5218446601941747;0,4733009708737864;0,4951456310679611;0,0870273412778405;204
1,4179364681243896;0,7266344466986514;0,024358272552490234;0,0007727054414731341;all;;5;2;200;{'SelectKBest__k': 'all', 'model__max_depth': None, 'model__min_samples_leaf': 5, 'model__min_samples_split': 2, 'model__n_estimators': 200};0,39563106796116504;0,4368932038834951;0,6601941747572816;0,5995145631067961;0,470873786407767;0,5126213592233009;0,10049129948659476;49
1,7341327667236328;0,8544954727943629;0,029199886322021484;0,002039427388229125;all;;5;2;250;{'SelectKBest__k': 'all', 'model__max_depth': None, 'model__min_samples_leaf': 5, 'model__min_samples_split': 2, 'model__n_estimators': 250};0,4029126213592233;0,4368932038834951;0,6480582524271845;0,5218446601941747;0,47572815533980584;0,4970873786407767;0,08526847920013127;182
1,8667038917541503;0,8481788351101917;0,03039827346801758;0,00645656771104963;all;;5;2;300;{'SelectKBest__k': 'all', 'model__max_depth': None, 'model__min_samples_leaf': 5, 'model__min_samples_split': 2, 'model__n_estimators': 300};0,3932038834951456;0,4344660194174757;0,6553398058252428;0,5898058252427184;0,4684466019417476;0,508252427184466;0,09854010228298615;84
