Stock;Model;Preprocessing;CrossValidation;Parameters;Accuracy_1Days_[-inf, -1.5, 1.5, inf];RecallMicro_1Days_[-inf, -1.5, 1.5, inf];RecallMarco_1Days_[-inf, -1.5, 1.5, inf];RecallWeighted_1Days_[-inf, -1.5, 1.5, inf];PreicisionMicro_1Days_[-inf, -1.5, 1.5, inf];PrecisionMarco_1Days_[-inf, -1.5, 1.5, inf];PrecisionWeighted_1Days_[-inf, -1.5, 1.5, inf];F1Micro_1Days_[-inf, -1.5, 1.5, inf];F1Macro_1Days_[-inf, -1.5, 1.5, inf];F1Weighted_1Days_[-inf, -1.5, 1.5, inf];Accuracy_1Days_[-inf, 0, inf];RecallMicro_1Days_[-inf, 0, inf];RecallMarco_1Days_[-inf, 0, inf];RecallWeighted_1Days_[-inf, 0, inf];PreicisionMicro_1Days_[-inf, 0, inf];PrecisionMarco_1Days_[-inf, 0, inf];PrecisionWeighted_1Days_[-inf, 0, inf];F1Micro_1Days_[-inf, 0, inf];F1Macro_1Days_[-inf, 0, inf];F1Weighted_1Days_[-inf, 0, inf];Accuracy_5Days_[-inf, -1.5, 1.5, inf];RecallMicro_5Days_[-inf, -1.5, 1.5, inf];RecallMarco_5Days_[-inf, -1.5, 1.5, inf];RecallWeighted_5Days_[-inf, -1.5, 1.5, inf];PreicisionMicro_5Days_[-inf, -1.5, 1.5, inf];PrecisionMarco_5Days_[-inf, -1.5, 1.5, inf];PrecisionWeighted_5Days_[-inf, -1.5, 1.5, inf];F1Micro_5Days_[-inf, -1.5, 1.5, inf];F1Macro_5Days_[-inf, -1.5, 1.5, inf];F1Weighted_5Days_[-inf, -1.5, 1.5, inf];Accuracy_5Days_[-inf, 0, inf];RecallMicro_5Days_[-inf, 0, inf];RecallMarco_5Days_[-inf, 0, inf];RecallWeighted_5Days_[-inf, 0, inf];PreicisionMicro_5Days_[-inf, 0, inf];PrecisionMarco_5Days_[-inf, 0, inf];PrecisionWeighted_5Days_[-inf, 0, inf];F1Micro_5Days_[-inf, 0, inf];F1Macro_5Days_[-inf, 0, inf];F1Weighted_5Days_[-inf, 0, inf];Accuracy_10Days_[-inf, -1.5, 1.5, inf];RecallMicro_10Days_[-inf, -1.5, 1.5, inf];RecallMarco_10Days_[-inf, -1.5, 1.5, inf];RecallWeighted_10Days_[-inf, -1.5, 1.5, inf];PreicisionMicro_10Days_[-inf, -1.5, 1.5, inf];PrecisionMarco_10Days_[-inf, -1.5, 1.5, inf];PrecisionWeighted_10Days_[-inf, -1.5, 1.5, inf];F1Micro_10Days_[-inf, -1.5, 1.5, inf];F1Macro_10Days_[-inf, -1.5, 1.5, inf];F1Weighted_10Days_[-inf, -1.5, 1.5, inf];Accuracy_10Days_[-inf, 0, inf];RecallMicro_10Days_[-inf, 0, inf];RecallMarco_10Days_[-inf, 0, inf];RecallWeighted_10Days_[-inf, 0, inf];PreicisionMicro_10Days_[-inf, 0, inf];PrecisionMarco_10Days_[-inf, 0, inf];PrecisionWeighted_10Days_[-inf, 0, inf];F1Micro_10Days_[-inf, 0, inf];F1Macro_10Days_[-inf, 0, inf];F1Weighted_10Days_[-inf, 0, inf];training_time;prediction_time;round
AAPL.csv;MLPClassifier;[StandardScaler(), PCA(), SelectKBest()];TimeSeriesSplit(gap=0, max_train_size=None, n_splits=5, test_size=None);{'PCA__n_components': [60, 70, 80, None], 'SelectKBest__k': [20, 45, 50, 65, 80, 'all'], 'model__max_iter': [200, 600], 'model__batch_size': [100, 150, 200], 'model__solver': ['adam'], 'model__activation': ['relu', 'tanh']};0,485596708;0,485596708;0,428859793;0,485596708;0,485596708;0,440086091;0,496257768;0,485596708;0,430639308;0,487987902;0,555555556;0,555555556;0,553644554;0,555555556;0,555555556;0,553396739;0,556884058;0,555555556;0,553369639;0,556069889;0,444444444;0,444444444;0,379083865;0,444444444;0,444444444;0,387830208;0,42850037;0,444444444;0,379387429;0,43293121;0,588477366;0,588477366;0,620956873;0,588477366;0,588477366;0,611490683;0,663793676;0,588477366;0,585380835;0,596439874;0,502057613;0,502057613;0,363901527;0,502057613;0,502057613;0,365669516;0,53047202;0,502057613;0,363579561;0,515129663;0,62962963;0,62962963;0,518744839;0,62962963;0,62962963;0,521676853;0,606555754;0,62962963;0,517857143;0,616255144;0 days 00:15:55.552062;0 days 00:00:00.007993;1
AAPL.csv;RandomForestClassifier;[StandardScaler(), PCA(), SelectKBest()];TimeSeriesSplit(gap=0, max_train_size=None, n_splits=5, test_size=None);{'PCA__n_components': [60, 70, 80, None], 'SelectKBest__k': [20, 45, 50, 65, 80, 'all'], 'model__n_estimators': [250, 300]};0,497942387;0,497942387;0,360549772;0,497942387;0,497942387;0,364864046;0,423165284;0,497942387;0,333563869;0,433776501;0,469135802;0,469135802;0,45546683;0,469135802;0,469135802;0,451145553;0,456182823;0,469135802;0,447581285;0,457011386;0,423868313;0,423868313;0,322547182;0,423868313;0,423868313;0,327184757;0,375471665;0,423868313;0,310335097;0,385518758;0,576131687;0,576131687;0,560983827;0,576131687;0,576131687;0,55621118;0,60148506;0,576131687;0,554112554;0,584694683;0,452674897;0,452674897;0,3497523;0,452674897;0,452674897;0,351918964;0,506253788;0,452674897;0,321424416;0,458642023;0,596707819;0,596707819;0,487118084;0,596707819;0,596707819;0,48579235;0,578672783;0,596707819;0,485436474;0,586860797;0 days 00:01:08.512158;0 days 00:00:00.037822;1
AAPL.csv;AdaBoostClassifier;[StandardScaler(), PCA(), SelectKBest()];TimeSeriesSplit(gap=0, max_train_size=None, n_splits=5, test_size=None);{'PCA__n_components': [60, 70, 80, None], 'SelectKBest__k': [20, 45, 50, 65, 80, 'all'], 'model__n_estimators': [200, 300]};0,485596708;0,485596708;0,34491814;0,485596708;0,485596708;0,360021786;0,411428495;0,485596708;0,308552921;0,404376291;0,526748971;0,526748971;0,495597871;0,526748971;0,526748971;0,490923164;0,49522226;0,526748971;0,434826575;0,454524231;0,378600823;0,378600823;0,390241845;0,378600823;0,378600823;0,387838243;0,436041874;0,378600823;0,359599685;0,378192907;0,563786008;0,563786008;0,503818509;0,563786008;0,563786008;0,504078043;0,55121591;0,563786008;0,502971596;0,556631372;0,588477366;0,588477366;0,307438581;0,588477366;0,588477366;0,237217306;0,42515508;0,588477366;0,256975375;0,48586343;0,592592593;0,592592593;0,450206441;0,592592593;0,592592593;0,432323232;0,540216985;0,592592593;0,436142037;0,562035843;0 days 00:01:25.179007;0 days 00:00:00.021907;1
AAPL.csv;MLPClassifier;[StandardScaler(), SelectKBest()];TimeSeriesSplit(gap=0, max_train_size=None, n_splits=5, test_size=None);{'SelectKBest__k': [50, 'all'], 'model__max_iter': [500], 'model__batch_size': [64, 200], 'model__solver': ['adam'], 'model__activation': ['relu']};0,530864198;0,530864198;0,402207124;0,530864198;0,530864198;0,446305525;0,488165116;0,530864198;0,381889954;0,479773319;0,53909465;0,53909465;0,502661753;0,53909465;0,53909465;0,509163534;0,512229648;0,53909465;0,411927398;0,435560251;0,358024691;0,358024691;0,337367204;0,358024691;0,358024691;0,407969284;0,429909643;0,358024691;0,284386447;0,32912314;0,674897119;0,674897119;0,639263252;0,674897119;0,674897119;0,640060241;0,673992265;0,674897119;0,639648602;0,674433323;0,572016461;0,572016461;0,406164695;0,572016461;0,572016461;0,350233014;0,544918952;0,572016461;0,370515329;0,553042932;0,658436214;0,658436214;0,517712634;0,658436214;0,658436214;0,526960784;0,609033325;0,658436214;0,509186479;0,62390829;0 days 00:00:09.973037;0 days 00:00:00.001987;1
AAPL.csv;RandomForestClassifier;[StandardScaler(), SelectKBest()];TimeSeriesSplit(gap=0, max_train_size=None, n_splits=5, test_size=None);{'SelectKBest__k': [50, 'all'], 'model__n_estimators': [50, 100, 200], 'model__max_depth': [8, 16, None]};0,399176955;0,399176955;0,285304419;0,399176955;0,399176955;0,227777778;0,304023777;0,399176955;0,250479628;0,342340585;0,543209877;0,543209877;0,5;0,543209877;0,543209877;0,271604938;0,29507697;0,543209877;0,352;0,382419753;0,522633745;0,522633745;0,333333333;0,522633745;0,522633745;0,174211248;0,273146031;0,522633745;0,228828829;0,358781003;0,654320988;0,654320988;0,5;0,654320988;0,654320988;0,327160494;0,428135955;0,654320988;0,395522388;0,517597199;0,646090535;0,646090535;0,333333333;0,646090535;0,646090535;0,215363512;0,417432979;0,646090535;0,261666667;0,50718107;0,711934156;0,711934156;0,5;0,711934156;0,711934156;0,355967078;0,506850243;0,711934156;0,415865385;0,592137544;0 days 00:00:15.774245;0 days 00:00:00.004980;1
AAPL.csv;AdaBoostClassifier;[StandardScaler(), SelectKBest()];TimeSeriesSplit(gap=0, max_train_size=None, n_splits=5, test_size=None);{'SelectKBest__k': [50, 'all'], 'model__n_estimators': [50, 100, 200]};0,502057613;0,502057613;0,327352197;0,502057613;0,502057613;0,22940613;0,301984296;0,502057613;0,238146397;0,357787717;0,580246914;0,580246914;0,541973792;0,580246914;0,580246914;0,705685619;0,693546389;0,580246914;0,4478257;0,471194149;0,518518519;0,518518519;0,343225847;0,518518519;0,518518519;0,591201717;0,578180469;0,518518519;0,268264636;0,384562739;0,654320988;0,654320988;0,5;0,654320988;0,654320988;0,327160494;0,428135955;0,654320988;0,395522388;0,517597199;0,646090535;0,646090535;0,333333333;0,646090535;0,646090535;0,215363512;0,417432979;0,646090535;0,261666667;0,50718107;0,70781893;0,70781893;0,50136251;0,70781893;0,70781893;0,522916667;0,603275034;0,70781893;0,427742214;0,597435754;0 days 00:00:10.015632;0 days 00:00:00.007999;1
AMGN.csv;MLPClassifier;[StandardScaler(), PCA(), SelectKBest()];TimeSeriesSplit(gap=0, max_train_size=None, n_splits=5, test_size=None);{'PCA__n_components': [60, 70, 80, None], 'SelectKBest__k': [20, 45, 50, 65, 80, 'all'], 'model__max_iter': [200, 600], 'model__batch_size': [100, 150, 200], 'model__solver': ['adam'], 'model__activation': ['relu', 'tanh']};0,617283951;0,617283951;0,333751536;0,617283951;0,617283951;0,353446227;0,502477938;0,617283951;0,298148148;0,526017375;0,489711934;0,489711934;0,515710196;0,489711934;0,489711934;0,527831442;0,532330017;0,489711934;0,442082654;0,429336791;0,300411523;0,300411523;0,309105321;0,300411523;0,300411523;0,292627146;0,292300724;0,300411523;0,292534629;0,287478519;0,395061728;0,395061728;0,396813559;0,395061728;0,395061728;0,3951935;0,395223254;0,395061728;0,393582888;0,392720231;0,49382716;0,49382716;0,443004533;0,49382716;0,49382716;0,446124031;0,473102689;0,49382716;0,436343384;0,476468013;0,567901235;0,567901235;0,579811887;0,567901235;0,567901235;0,586727892;0,591766012;0,567901235;0,56289723;0,559240457;0 days 00:11:14.718134;0 days 00:00:00.002000;1
AMGN.csv;RandomForestClassifier;[StandardScaler(), PCA(), SelectKBest()];TimeSeriesSplit(gap=0, max_train_size=None, n_splits=5, test_size=None);{'PCA__n_components': [60, 70, 80, None], 'SelectKBest__k': [20, 45, 50, 65, 80, 'all'], 'model__n_estimators': [250, 300]};0,633744856;0,633744856;0,330721318;0,633744856;0,633744856;0,276334776;0,459462348;0,633744856;0,276099686;0,518674559;0,50617284;0,50617284;0,504430207;0,50617284;0,50617284;0,504412164;0,507453331;0,50617284;0,504283966;0,506676539;0,304526749;0,304526749;0,327060932;0,304526749;0,304526749;0,317773561;0,317832127;0,304526749;0,277467709;0,264609465;0,489711934;0,489711934;0,487864407;0,489711934;0,489711934;0,487673874;0,488134081;0,489711934;0,486573064;0,48772949;0,395061728;0,395061728;0,380700173;0,395061728;0,395061728;0,378903388;0,391226597;0,395061728;0,361856121;0,373694801;0,481481481;0,481481481;0,499659215;0,481481481;0,481481481;0,499567848;0,502608918;0,481481481;0,461330049;0,453183726;0 days 00:00:56.070491;0 days 00:00:00.021003;1
AMGN.csv;AdaBoostClassifier;[StandardScaler(), PCA(), SelectKBest()];TimeSeriesSplit(gap=0, max_train_size=None, n_splits=5, test_size=None);{'PCA__n_components': [60, 70, 80, None], 'SelectKBest__k': [20, 45, 50, 65, 80, 'all'], 'model__n_estimators': [200, 300]};0,526748971;0,526748971;0,396386167;0,526748971;0,526748971;0,401875902;0,538203909;0,526748971;0,395847678;0,530701556;0,485596708;0,485596708;0,484698746;0,485596708;0,485596708;0,48478585;0,48786711;0,485596708;0,48433919;0,48633026;0,407407407;0,407407407;0,416459884;0,407407407;0,407407407;0,420710868;0,427014506;0,407407407;0,390454546;0,387230146;0,580246914;0,580246914;0,579898305;0,580246914;0,580246914;0,579898305;0,580246914;0,580246914;0,579898305;0,580246914;0,382716049;0,382716049;0,387373851;0,382716049;0,382716049;0,380393999;0,395468124;0,382716049;0,373324151;0,377034656;0,485596708;0,485596708;0,510598419;0,485596708;0,485596708;0,517759251;0,521701756;0,485596708;0,441892513;0,429681046;0 days 00:01:18.904506;0 days 00:00:00.027045;1
AMGN.csv;MLPClassifier;[StandardScaler(), SelectKBest()];TimeSeriesSplit(gap=0, max_train_size=None, n_splits=5, test_size=None);{'SelectKBest__k': [50, 'all'], 'model__max_iter': [500], 'model__batch_size': [64, 200], 'model__solver': ['adam'], 'model__activation': ['relu']};0,650205761;0,650205761;0,333333333;0,650205761;0,650205761;0,216735254;0,422767532;0,650205761;0,262676642;0,512381597;0,489711934;0,489711934;0,520890131;0,489711934;0,489711934;0,556238532;0,562787783;0,489711934;0,414685315;0,398300191;0,366255144;0,366255144;0,380502711;0,366255144;0,366255144;0,348148148;0,347599451;0,366255144;0,298517612;0,28897754;0,534979424;0,534979424;0,524508475;0,534979424;0,534979424;0,552164502;0,551484866;0,534979424;0,457171098;0,463091297;0,362139918;0,362139918;0,339506173;0,362139918;0,362139918;0,453168044;0,350933578;0,362139918;0,188413005;0,197431253;0,46090535;0,46090535;0,5;0,46090535;0,46090535;0,230452675;0,212433741;0,46090535;0,315492958;0,290824784;0 days 00:00:05.816455;0 days 00:00:00.001912;1
AMGN.csv;RandomForestClassifier;[StandardScaler(), SelectKBest()];TimeSeriesSplit(gap=0, max_train_size=None, n_splits=5, test_size=None);{'SelectKBest__k': [50, 'all'], 'model__n_estimators': [50, 100, 200], 'model__max_depth': [8, 16, None]};0,650205761;0,650205761;0,333333333;0,650205761;0,650205761;0,216735254;0,422767532;0,650205761;0,262676642;0,512381597;0,489711934;0,489711934;0,485278081;0,489711934;0,489711934;0,485185185;0,488370675;0,489711934;0,485099111;0,488909704;0,329218107;0,329218107;0,361111111;0,329218107;0,329218107;0,234456929;0,218282702;0,329218107;0,265212121;0,244722783;0,576131687;0,576131687;0,574;0,576131687;0,576131687;0,575693481;0,575776385;0,576131687;0,572628703;0,573743289;0,448559671;0,448559671;0,435930183;0,448559671;0,448559671;0,424233284;0,449597729;0,448559671;0,422428016;0,440193652;0,592592593;0,592592593;0,601417666;0,592592593;0,592592593;0,605442177;0,610229277;0,592592593;0,590818635;0,58871206;0 days 00:00:14.318841;0 days 00:00:00.007019;1
AMGN.csv;AdaBoostClassifier;[StandardScaler(), SelectKBest()];TimeSeriesSplit(gap=0, max_train_size=None, n_splits=5, test_size=None);{'SelectKBest__k': [50, 'all'], 'model__n_estimators': [50, 100, 200]};0,650205761;0,650205761;0,333333333;0,650205761;0,650205761;0,216735254;0,422767532;0,650205761;0,262676642;0,512381597;0,50617284;0,50617284;0,505725191;0,50617284;0,50617284;0,505691057;0,508742347;0,50617284;0,505158838;0,506910295;0,300411523;0,300411523;0,337250712;0,300411523;0,300411523;0,320833333;0,301646091;0,300411523;0,168170307;0,150704044;0,559670782;0,559670782;0,559661017;0,559670782;0,559670782;0,559612519;0,560020361;0,559670782;0,559551437;0,55976029;0,312757202;0,312757202;0,39186888;0,312757202;0,312757202;0,243669468;0,228350451;0,312757202;0,267117434;0,235903857;0,596707819;0,596707819;0,600054526;0,596707819;0,596707819;0,599931926;0,603535341;0,596707819;0,596700989;0,596830757;0 days 00:00:10.259714;0 days 00:00:00.009950;1
TSLA.csv;MLPClassifier;[StandardScaler(), PCA(), SelectKBest()];TimeSeriesSplit(gap=0, max_train_size=None, n_splits=5, test_size=None);{'PCA__n_components': [60, 70, 80, None], 'SelectKBest__k': [20, 45, 50, 65, 80, 'all'], 'model__max_iter': [200, 600], 'model__batch_size': [100, 150, 200], 'model__solver': ['adam'], 'model__activation': ['relu', 'tanh']};0,29218107;0,29218107;0,327964806;0,29218107;0,29218107;0,387180584;0,424302968;0,29218107;0,277727862;0,260571782;0,53909465;0,53909465;0,506521739;0,53909465;0,53909465;0,508333333;0,517009602;0,53909465;0,490566038;0,511918627;0,300411523;0,300411523;0,358944866;0,300411523;0,300411523;0,427931274;0,624448002;0,300411523;0,271351147;0,280254221;0,452674897;0,452674897;0,537037037;0,452674897;0,452674897;0,542857143;0,605291005;0,452674897;0,449655172;0,436066411;0,320987654;0,320987654;0,357932264;0,320987654;0,320987654;0,363343581;0,648261105;0,320987654;0,219180486;0,279378264;0,49382716;0,49382716;0,52236678;0,49382716;0,49382716;0,517156528;0,637860645;0,49382716;0,473275178;0,524226967;0 days 00:11:11.688016;0 days 00:00:00.003001;1
TSLA.csv;RandomForestClassifier;[StandardScaler(), PCA(), SelectKBest()];TimeSeriesSplit(gap=0, max_train_size=None, n_splits=5, test_size=None);{'PCA__n_components': [60, 70, 80, None], 'SelectKBest__k': [20, 45, 50, 65, 80, 'all'], 'model__n_estimators': [250, 300]};0,308641975;0,308641975;0,336092983;0,308641975;0,308641975;0,349959193;0,379732168;0,308641975;0,257110871;0,245035509;0,497942387;0,497942387;0,490786749;0,497942387;0,497942387;0,490859921;0,500208776;0,497942387;0,490688565;0,498942914;0,386831276;0,386831276;0,320637112;0,386831276;0,386831276;0,361279846;0,476112234;0,386831276;0,292680005;0,389409168;0,427983539;0,427983539;0,533950617;0,427983539;0,427983539;0,548360834;0,613800839;0,427983539;0,416561588;0,389350468;0,423868313;0,423868313;0,33315508;0,423868313;0,423868313;0,305963939;0,533974875;0,423868313;0,282783883;0,438173623;0,469135802;0,469135802;0,447469257;0,469135802;0,469135802;0,46001221;0,580646377;0,469135802;0,429567085;0,503140169;0 days 00:00:57.625978;0 days 00:00:00.025924;1
TSLA.csv;AdaBoostClassifier;[StandardScaler(), PCA(), SelectKBest()];TimeSeriesSplit(gap=0, max_train_size=None, n_splits=5, test_size=None);{'PCA__n_components': [60, 70, 80, None], 'SelectKBest__k': [20, 45, 50, 65, 80, 'all'], 'model__n_estimators': [200, 300]};0,333333333;0,333333333;0,359778851;0,333333333;0,333333333;0,34550711;0,355598772;0,333333333;0,332138536;0,322631878;0,448559671;0,448559671;0,468944099;0,448559671;0,448559671;0,466307278;0,474116225;0,448559671;0,444410319;0,43788991;0,530864198;0,530864198;0,300207039;0,530864198;0,530864198;0,231481481;0,384430727;0,530864198;0,252238292;0,437704061;0,609053498;0,609053498;0,456790123;0,609053498;0,609053498;0,323144105;0,430858806;0,609053498;0,378516624;0,504688832;0,456790123;0,456790123;0,324242424;0,456790123;0,456790123;0,298941799;0,522241819;0,456790123;0,292216635;0,47021828;0,551440329;0,551440329;0,576947068;0,551440329;0,551440329;0,558542373;0,679277115;0,551440329;0,526281902;0,57974356;0 days 00:01:17.496822;0 days 00:00:00.032005;1
TSLA.csv;MLPClassifier;[StandardScaler(), SelectKBest()];TimeSeriesSplit(gap=0, max_train_size=None, n_splits=5, test_size=None);{'SelectKBest__k': [50, 'all'], 'model__max_iter': [500], 'model__batch_size': [64, 200], 'model__solver': ['adam'], 'model__activation': ['relu']};0,432098765;0,432098765;0,340139571;0,432098765;0,432098765;0,263153961;0,296843455;0,432098765;0,248760772;0,305095405;0,49382716;0,49382716;0,463250518;0,49382716;0,49382716;0,455252101;0,467149082;0,49382716;0,448023048;0,469616415;0,390946502;0,390946502;0,387163561;0,390946502;0,390946502;0,406421181;0,636134968;0,390946502;0,263825023;0,325724714;0,41563786;0,41563786;0,540123457;0,41563786;0,41563786;0,574092316;0,647434093;0,41563786;0,392927516;0,353788412;0,666666667;0,666666667;0,395543672;0,666666667;0,666666667;0,373644214;0,60435617;0,666666667;0,383261183;0,633103522;0,732510288;0,732510288;0,497014792;0,732510288;0,732510288;0,471848739;0,604976312;0,732510288;0,437359741;0,636921759;0 days 00:00:06.941542;0 days 00:00:00.001993;1
TSLA.csv;RandomForestClassifier;[StandardScaler(), SelectKBest()];TimeSeriesSplit(gap=0, max_train_size=None, n_splits=5, test_size=None);{'SelectKBest__k': [50, 'all'], 'model__n_estimators': [50, 100, 200], 'model__max_depth': [8, 16, None]};0,358024691;0,358024691;0,371260339;0,358024691;0,358024691;0,379686427;0,410374721;0,358024691;0,300326233;0,305556665;0,448559671;0,448559671;0,514492754;0,448559671;0,448559671;0,719665272;0,75773542;0,448559671;0,333401572;0,295775659;0,58436214;0,58436214;0,342502218;0,58436214;0,58436214;0,328185328;0,473314584;0,58436214;0,301355014;0,489839071;0,633744856;0,633744856;0,5;0,633744856;0,633744856;0,5;0,555555556;0,633744856;0,459392576;0,561729784;0,699588477;0,699588477;0,333333333;0,699588477;0,699588477;0,233196159;0,489424038;0,699588477;0,274414851;0,575932403;0,744855967;0,744855967;0,5;0,744855967;0,744855967;0,372427984;0,554810412;0,744855967;0,426886792;0,635938349;0 days 00:00:12.696792;0 days 00:00:00.005998;1
TSLA.csv;AdaBoostClassifier;[StandardScaler(), SelectKBest()];TimeSeriesSplit(gap=0, max_train_size=None, n_splits=5, test_size=None);{'SelectKBest__k': [50, 'all'], 'model__n_estimators': [50, 100, 200]};0,267489712;0,267489712;0,337899543;0,267489712;0,267489712;0,421487603;0,370064279;0,267489712;0,14844256;0,11828895;0,456790123;0,456790123;0,501242236;0,456790123;0,456790123;0,502132196;0,511542815;0,456790123;0,417647059;0,397143549;0,283950617;0,283950617;0,333333333;0,283950617;0,283950617;0,094650206;0,080627953;0,283950617;0,147435897;0,125593542;0,596707819;0,596707819;0,518518519;0,596707819;0,596707819;0,521428571;0,573544974;0,596707819;0,516447368;0,58211501;0,234567901;0,234567901;0,337254902;0,234567901;0,234567901;0,409405256;0,751242252;0,234567901;0,131625812;0,100381389;0,271604938;0,271604938;0,511049724;0,271604938;0,271604938;0,629707113;0,811043959;0,271604938;0,227601688;0,137319157;0 days 00:00:09.087643;0 days 00:00:00.005990;1
AAPL.csv;MLPClassifier;[StandardScaler(), PCA(), SelectKBest()];TimeSeriesSplit(gap=0, max_train_size=None, n_splits=5, test_size=None);{'PCA__n_components': [20, 65, 70, None], 'SelectKBest__k': [80, 'all'], 'model__max_iter': [700, 100, 1500], 'model__batch_size': [150, 175, 200], 'model__solver': ['adam'], 'model__activation': ['tanh']};0,481481481;0,481481481;0,421613416;0,481481481;0,481481481;0,439762605;0,488745117;0,481481481;0,424249093;0,480814371;0,49382716;0,49382716;0,484643735;0,49382716;0,49382716;0,484056122;0,488079491;0,49382716;0,482468443;0,489094362;0,444444444;0,444444444;0,394685039;0,444444444;0,444444444;0,380287929;0,429606843;0,444444444;0,378048288;0,430294616;0,62962963;0,62962963;0,629941599;0,62962963;0,62962963;0,618286532;0,663061917;0,62962963;0,615235749;0,638204707;0,563786008;0,563786008;0,38027247;0,563786008;0,563786008;0,364761644;0,545666409;0,563786008;0,369430849;0,553174836;0,691358025;0,691358025;0,625887696;0,691358025;0,691358025;0,624836227;0,692675288;0,691358025;0,625346901;0,692005193;0 days 00:11:48.873131;0 days 00:00:00.008999;2
AAPL.csv;AdaBoostClassifier;[StandardScaler(), PCA(), SelectKBest()];TimeSeriesSplit(gap=0, max_train_size=None, n_splits=5, test_size=None);{'PCA__n_components': [20, 65, 70, None], 'SelectKBest__k': [80, 'all'], 'model__n_estimators': [350, 400, 500], 'model__learning_rate': [1, 1.1, 1.5]};0,514403292;0,514403292;0,363979367;0,514403292;0,514403292;0,393586937;0,4419217;0,514403292;0,323458417;0,430760323;0,534979424;0,534979424;0,513923014;0,534979424;0,534979424;0,518178578;0,521143433;0,534979424;0,492899223;0,505523283;0,477366255;0,477366255;0,330686789;0,477366255;0,477366255;0,326221577;0,377675046;0,477366255;0,27955636;0,379948492;0,633744856;0,633744856;0,495507637;0,633744856;0,633744856;0,47993311;0,533093852;0,633744856;0,426841227;0,533127338;0,316872428;0,316872428;0,263360631;0,316872428;0,316872428;0,274632595;0,417763187;0,316872428;0,25444318;0,350741058;0,613168724;0,613168724;0,502931462;0,613168724;0,613168724;0,503308481;0,592407733;0,613168724;0,501527584;0,601519214;0 days 00:02:42.945470;0 days 00:00:00.048995;2
AAPL.csv;MLPClassifier;[StandardScaler(), SelectKBest()];TimeSeriesSplit(gap=0, max_train_size=None, n_splits=5, test_size=None);{};0,530864198;0,530864198;0,404718164;0,530864198;0,530864198;0,433119658;0,474765598;0,530864198;0,391446302;0,477281241;0,514403292;0,514403292;0,487817363;0,514403292;0,514403292;0,4806231;0,485384067;0,514403292;0,44670423;0,46342988;0,522633745;0,522633745;0,333333333;0,522633745;0,522633745;0,176388889;0,276560357;0,522633745;0,230699364;0,361713818;0,654320988;0,654320988;0,5;0,654320988;0,654320988;0,327160494;0,428135955;0,654320988;0,395522388;0,517597199;0,604938272;0,604938272;0,361882014;0,604938272;0,604938272;0,325219197;0,50756104;0,604938272;0,339020716;0,549048383;0,650205761;0,650205761;0,541701073;0,650205761;0,650205761;0,548839458;0,627341182;0,650205761;0,542271468;0,6364853;0 days 00:00:03.101012;0 days 00:00:00.003000;2
AAPL.csv;AdaBoostClassifier;[StandardScaler(), SelectKBest()];TimeSeriesSplit(gap=0, max_train_size=None, n_splits=5, test_size=None);{'SelectKBest__k': [80, 'all'], 'model__n_estimators': [350, 400, 500], 'model__learning_rate': [1, 1.1, 1.5]};0,456790123;0,456790123;0,329493871;0,456790123;0,456790123;0,351309185;0,397929993;0,456790123;0,302282774;0,398292809;0,477366255;0,477366255;0,502457002;0,477366255;0,477366255;0,503676471;0,507595013;0,477366255;0,443434507;0,431558396;0,481481481;0,481481481;0,310414323;0,481481481;0,481481481;0,190699289;0,281810528;0,481481481;0,228207019;0,349801106;0,654320988;0,654320988;0,5;0,654320988;0,654320988;0,327160494;0,428135955;0,654320988;0,395522388;0,517597199;0,646090535;0,646090535;0,333333333;0,646090535;0,646090535;0,215363512;0,417432979;0,646090535;0,261666667;0,50718107;0,711934156;0,711934156;0,5;0,711934156;0,711934156;0,355967078;0,506850243;0,711934156;0,415865385;0,592137544;0 days 00:01:36.374077;0 days 00:00:00.047079;2
AMGN.csv;MLPClassifier;[StandardScaler(), PCA(), SelectKBest()];TimeSeriesSplit(gap=0, max_train_size=None, n_splits=5, test_size=None);{'PCA__n_components': [20, 65, 70, None], 'SelectKBest__k': [80, 'all'], 'model__max_iter': [700, 100, 1500], 'model__batch_size': [150, 175, 200], 'model__solver': ['adam'], 'model__activation': ['tanh']};0,650205761;0,650205761;0,339160137;0,650205761;0,650205761;0,329166667;0,482956104;0,650205761;0,277796389;0,52065816;0,473251029;0,473251029;0,490730643;0,473251029;0,473251029;0,488466757;0,49111904;0,473251029;0,454545455;0,446647545;0,283950617;0,283950617;0,294768404;0,283950617;0,283950617;0,272182134;0,270762234;0,283950617;0,27175433;0,264853985;0,46090535;0,46090535;0,470305085;0,46090535;0,46090535;0,44811656;0,447553532;0,46090535;0,402455278;0,397071718;0,333333333;0,333333333;0,320925049;0,333333333;0,333333333;0,253823954;0,252984875;0,333333333;0,221764559;0,222507893;0,477366255;0,477366255;0,505554798;0,477366255;0,477366255;0,511469181;0,515171784;0,477366255;0,417332201;0,402708521;0 days 00:31:17.339909;0 days 00:00:00.003000;2
AMGN.csv;AdaBoostClassifier;[StandardScaler(), PCA(), SelectKBest()];TimeSeriesSplit(gap=0, max_train_size=None, n_splits=5, test_size=None);{'PCA__n_components': [20, 65, 70, None], 'SelectKBest__k': [80, 'all'], 'model__n_estimators': [350, 400, 500], 'model__learning_rate': [1, 1.1, 1.5]};0,551440329;0,551440329;0,404140441;0,551440329;0,551440329;0,512806638;0,595395311;0,551440329;0,393827707;0,539022453;0,49382716;0,49382716;0,500749727;0,49382716;0,49382716;0,500769231;0,503836657;0,49382716;0,492589763;0,490630551;0,341563786;0,341563786;0,361490212;0,341563786;0,341563786;0,316361847;0,311136866;0,341563786;0,271579317;0,254816366;0,58436214;0,58436214;0,580576271;0,58436214;0,58436214;0,586713848;0,586460587;0,58436214;0,575035063;0,576848661;0,399176955;0,399176955;0,440638069;0,399176955;0,399176955;0,433898568;0,455791285;0,399176955;0,398309031;0,392787174;0,592592593;0,592592593;0,601417666;0,592592593;0,592592593;0,605442177;0,610229277;0,592592593;0,590818635;0,58871206;0 days 00:04:55.578488;0 days 00:00:00.176001;2
AMGN.csv;MLPClassifier;[StandardScaler(), SelectKBest()];TimeSeriesSplit(gap=0, max_train_size=None, n_splits=5, test_size=None);{};0,650205761;0,650205761;0,333333333;0,650205761;0,650205761;0,216735254;0,422767532;0,650205761;0,262676642;0,512381597;0,473251029;0,473251029;0,505622955;0,473251029;0,473251029;0,517696268;0,521897559;0,473251029;0,387330602;0,369391172;0,300411523;0,300411523;0,322029225;0,300411523;0,300411523;0,27216415;0,266615047;0,300411523;0,270762521;0,255949288;0,567901235;0,567901235;0,570745763;0,567901235;0,567901235;0,573434201;0,57425826;0,567901235;0,564954219;0,563922764;0,362139918;0,362139918;0,341847595;0,362139918;0,362139918;0,205319149;0,186577357;0,362139918;0,199559207;0,20557992;0,547325103;0,547325103;0,560080425;0,547325103;0,547325103;0,566378012;0,571079379;0,547325103;0,540784772;0,536499727;0 days 00:00:02.080230;0 days 00:00:00.002997;2
AMGN.csv;AdaBoostClassifier;[StandardScaler(), SelectKBest()];TimeSeriesSplit(gap=0, max_train_size=None, n_splits=5, test_size=None);{'SelectKBest__k': [80, 'all'], 'model__n_estimators': [350, 400, 500], 'model__learning_rate': [1, 1.1, 1.5]};0,419753086;0,419753086;0,27928471;0,419753086;0,419753086;0,241648746;0,414901544;0,419753086;0,251290685;0,412378933;0,50617284;0,50617284;0,505077699;0,50617284;0,50617284;0,505050847;0,508096254;0,50617284;0,504755435;0,506827026;0,316872428;0,316872428;0,354344729;0,316872428;0,316872428;0,385996772;0,364272263;0,316872428;0,200738477;0,181920041;0,572016461;0,572016461;0,570711864;0,572016461;0,572016461;0,571291866;0,571512395;0,572016461;0,570379437;0,571143381;0,349794239;0,349794239;0,386547467;0,349794239;0,349794239;0,224189633;0,203233887;0,349794239;0,283783784;0,257090424;0,600823045;0,600823045;0,605813795;0,600823045;0,600823045;0,606481481;0,610463344;0,600823045;0,600714854;0,600200948;0 days 00:05:54.332441;0 days 00:00:00.050522;2
TSLA.csv;MLPClassifier;[StandardScaler(), PCA(), SelectKBest()];TimeSeriesSplit(gap=0, max_train_size=None, n_splits=5, test_size=None);{'PCA__n_components': [20, 65, 70, None], 'SelectKBest__k': [80, 'all'], 'model__max_iter': [700, 100, 1500], 'model__batch_size': [150, 175, 200], 'model__solver': ['adam'], 'model__activation': ['tanh']};0,320987654;0,320987654;0,358825762;0,320987654;0,320987654;0,433770446;0,469426862;0,320987654;0,257760141;0,232743266;0,53909465;0,53909465;0,495134576;0,53909465;0,53909465;0,491802326;0,501742751;0,53909465;0,455941148;0,484826049;0,362139918;0,362139918;0,42965592;0,362139918;0,362139918;0,407570208;0,570234704;0,362139918;0,340393346;0,398311623;0,485596708;0,485596708;0,533950617;0,485596708;0,485596708;0,532504013;0,590957731;0,485596708;0,485038569;0,490689723;0,37037037;0,37037037;0,336680531;0,37037037;0,37037037;0,344624475;0,538706208;0,37037037;0,293935002;0,394372875;0,444444444;0,444444444;0,452103012;0,444444444;0,444444444;0,463365594;0,581871744;0,444444444;0,419883641;0,478338354;0 days 00:03:41.880707;0 days 00:00:00.003000;2
TSLA.csv;AdaBoostClassifier;[StandardScaler(), PCA(), SelectKBest()];TimeSeriesSplit(gap=0, max_train_size=None, n_splits=5, test_size=None);{'PCA__n_components': [20, 65, 70, None], 'SelectKBest__k': [80, 'all'], 'model__n_estimators': [350, 400, 500], 'model__learning_rate': [1, 1.1, 1.5]};0,304526749;0,304526749;0,350883357;0,304526749;0,304526749;0,407704043;0,434643237;0,304526749;0,273462289;0,259534828;0,46090535;0,46090535;0,45931677;0,46090535;0,46090535;0,460060976;0,469349092;0,46090535;0,457931034;0,463383946;0,596707819;0,596707819;0,346566324;0,596707819;0,596707819;0,425685426;0,529741863;0,596707819;0,295545936;0,480753211;0,617283951;0,617283951;0,472222222;0,617283951;0,617283951;0,41;0,491111111;0,617283951;0,410147992;0,526661969;0,41563786;0,41563786;0,308734403;0,41563786;0,41563786;0,288954914;0,50340199;0,41563786;0,274267579;0,432854848;0,641975309;0,641975309;0,574095527;0,641975309;0,641975309;0,564178759;0,673093929;0,641975309;0,565402405;0,654737459;0 days 00:02:41.994305;0 days 00:00:00.036058;2
TSLA.csv;MLPClassifier;[StandardScaler(), SelectKBest()];TimeSeriesSplit(gap=0, max_train_size=None, n_splits=5, test_size=None);{};0,349794239;0,349794239;0,322461661;0,349794239;0,349794239;0,327050127;0,343597729;0,349794239;0,297010186;0,324003772;0,559670782;0,559670782;0,50300207;0,559670782;0,559670782;0,509753363;0,517868017;0,559670782;0,423800554;0,46179816;0,345679012;0,345679012;0,36222025;0,345679012;0,345679012;0,398395091;0,626573076;0,345679012;0,221241129;0,254209125;0,432098765;0,432098765;0,543209877;0,432098765;0,432098765;0,564755596;0,634079488;0,432098765;0,418619972;0,389112344;0,658436214;0,658436214;0,31372549;0,658436214;0,658436214;0,228898426;0,480404105;0,658436214;0,264681555;0,555504498;0,271604938;0,271604938;0,500445553;0,271604938;0,271604938;0,502659574;0,623785133;0,271604938;0,233766234;0,150380941;0 days 00:00:02.139051;0 days 00:00:00.001999;2
TSLA.csv;AdaBoostClassifier;[StandardScaler(), SelectKBest()];TimeSeriesSplit(gap=0, max_train_size=None, n_splits=5, test_size=None);{'SelectKBest__k': [80, 'all'], 'model__n_estimators': [350, 400, 500], 'model__learning_rate': [1, 1.1, 1.5]};0,33744856;0,33744856;0,362467153;0,33744856;0,33744856;0,582800284;0,57749173;0,33744856;0,267939524;0,274648786;0,572016461;0,572016461;0,504761905;0,572016461;0,572016461;0,785123967;0,755943271;0,572016461;0,372591857;0,42062844;0,283950617;0,283950617;0,333333333;0,283950617;0,283950617;0,094650206;0,080627953;0,283950617;0,147435897;0,125593542;0,46090535;0,46090535;0,481481481;0,46090535;0,46090535;0,483229814;0,538026225;0,46090535;0,45559489;0,473517692;0,699588477;0,699588477;0,333333333;0,699588477;0,699588477;0,233196159;0,489424038;0,699588477;0,274414851;0,575932403;0,279835391;0,279835391;0,516574586;0,279835391;0,279835391;0,630801688;0,811602507;0,279835391;0,239443421;0,153610485;0 days 00:01:35.298475;0 days 00:00:00.060897;2
AAPL.csv;LSTM;;;;0,516393443;;;;0,516393443;0,333333333;0,516393443;;;;0,549180328;;;;;;;;;;0,520491803;;;;0,520491803;0,330729167;0,520491803;;;;0,516393443;;;;;;;;;;0,639344262;;;;0,639344262;0,338115331;0,639344262;;;;0,713114754;;;;;;;;;;;;3
TSLA.csv;LSTM;;;;0,258196721;;;;0,258196721;0,319110603;0,258196721;;;;0,569672131;;;;;;;;;;0,5;;;;0,5;0,346977412;0,5;;;;0,643442623;;;;;;;;;;0,545081967;;;;0,545081967;0,357930179;0,545081967;;;;0,516393443;;;;;;;;;;;;3
AMGN.csv;LSTM;;;;0,651639344;;;;0,651639344;0,333333333;0,651639344;;;;0,459016393;;;;;;;;;;0,290983607;;;;0,290983607;0,323615502;0,290983607;;;;0,516393443;;;;;;;;;;0,418032787;;;;0,418032787;0,333333333;0,418032787;;;;0,569672131;;;;;;;;;;;;3
AAPL.csv;LSTM;;;;;;;;;;;;;;;;;;;;;;;;;;;;;;;;;;0,6296296296296297;;;;;;;;;;;;;;;;;;;;;;;;;;;;;;;;4
TSLA.csv;LSTM;;;;;;;;;;;;;;;;;;;;;;;;0,2674897119341564;;;;0,2674897119341564;0,2960662525879917;0,2674897119341564;;;;0,4320987654320987;;;;;;;;;;;;;;;;;;;;;;;;;;;;;;;;4
AMGN.csv;LSTM;;;;;;;;;;;;;;;;;;;;;;;;0,2674897119341564;;;;0,2674897119341564;0,2960662525879917;0,2674897119341564;;;;0,4320987654320987;;;;;;;;;;0,3703703703703703;;;;0,3703703703703703;0,3659003831417624;0,3703703703703703;;;;0,6049382716049383;;;;;;;;;;;;4
AAPL.csv;LSTM_withLags;;;;;;;;;;;;;;;;;;;;;;;;;;;;;;;;;;0,419753086419753;;;;;;;;;;;;;;;;;;;;;;;;;;;;;;;;5
TSLA.csv;LSTM_withLags;;;;;;;;;;;;;;;;;;;;;;;;;;;;;;;;;;0,419753086419753;;;;;;;;;;0,2345679012345679;;;;0,2345679012345679;0,3372549019607843;0,2345679012345679;;;;0,4732510288065844;;;;;;;;;;;;5
AMGN.csv;LSTM_withLags;;;;;;;;;;;;;;;;;;;;;;;;;;;;;;;;;;0,419753086419753;;;;;;;;;;0,5185185185185185;;;;0,5185185185185185;0,4292314627000226;0,5185185185185185;;;;0,4938271604938271;;;;;;;;;;;;5
AAPL.csv;Transformer;;;;0,5163934426229508;;;;0,5163934426229508;0,3333333333333333;0,5163934426229508;;;;0,4549180327868852;;;;0,5163934426229508;0,3333333333333333;0,5163934426229508;;;;0,2295081967213114;;;;0,2295081967213114;0,3333333333333333;0,2295081967213114;;;;0,3442622950819672;;;;0,2295081967213114;0,3333333333333333;0,2295081967213114;;;;0,2295081967213114;;;;0,2295081967213114;0,3333333333333333;0,2295081967213114;;;;0,2868852459016393;;;;0,2295081967213114;0,3333333333333333;0,2295081967213114;;;;;;6
TSLA.csv;Transformer;;;;0,290983606557377;;;;0,290983606557377;0,3425817757009345;0,290983606557377;;;;0,5573770491803278;;;;0,290983606557377;0,3425817757009345;0,290983606557377;;;;0,4959016393442623;;;;0,4959016393442623;0,329253166209688;0,4959016393442623;;;;0,3319672131147541;;;;0,4959016393442623;0,329253166209688;0,4959016393442623;;;;0,2254098360655737;;;;0,2254098360655737;0,3333333333333333;0,2254098360655737;;;;0,2540983606557377;;;;0,2254098360655737;0,3333333333333333;0,2254098360655737;;;;;;6
AMGN.csv;Transformer;;;;0,6516393442622951;;;;0,6516393442622951;0,3333333333333333;0,6516393442622951;;;;0,4795081967213114;;;;0,6516393442622951;0,3333333333333333;0,6516393442622951;;;;0,2991803278688524;;;;0,2991803278688524;0,3333333333333333;0,2991803278688524;;;;0,4918032786885246;;;;0,2991803278688524;0,3333333333333333;0,2991803278688524;;;;0,3647540983606557;;;;0,3647540983606557;0,3240928555330178;0,3647540983606557;;;;0,5368852459016393;;;;0,3647540983606557;0,3240928555330178;0,3647540983606557;;;;;;6
AAPL.csv;Transformer;;;;0,5163934426229508;;;;0,5163934426229508;0,3333333333333333;0,5163934426229508;;;;0,4549180327868852;;;;0,5163934426229508;0,3333333333333333;0,5163934426229508;;;;0,2336065573770492;;;;0,2336065573770492;0,338095238095238;0,2336065573770492;;;;0,5901639344262295;;;;0,2336065573770492;0,338095238095238;0,2336065573770492;;;;0,2295081967213114;;;;0,2295081967213114;0,3333333333333333;0,2295081967213114;;;;0,2868852459016393;;;;0,2295081967213114;0,3333333333333333;0,2295081967213114;;;;;;7
TSLA.csv;Transformer;;;;0,2622950819672131;;;;0,2622950819672131;0,3333333333333333;0,2622950819672131;;;;0,569672131147541;;;;0,2622950819672131;0,3333333333333333;0,2622950819672131;;;;0,2827868852459016;;;;0,2827868852459016;0,3333333333333333;0,2827868852459016;;;;0,3524590163934426;;;;0,2827868852459016;0,3333333333333333;0,2827868852459016;;;;0,2622950819672131;;;;0,2622950819672131;0,3508771929824561;0,2622950819672131;;;;0,2540983606557377;;;;0,2622950819672131;0,3508771929824561;0,2622950819672131;;;;;;7
AMGN.csv;Transformer;;;;0,6516393442622951;;;;0,6516393442622951;0,3333333333333333;0,6516393442622951;;;;0,4836065573770491;;;;0,6516393442622951;0,3333333333333333;0,6516393442622951;;;;0,2991803278688524;;;;0,2991803278688524;0,3333333333333333;0,2991803278688524;;;;0,5163934426229508;;;;0,2991803278688524;0,3333333333333333;0,2991803278688524;;;;0,3565573770491803;;;;0,3565573770491803;0,3333333333333333;0,3565573770491803;;;;0,5368852459016393;;;;0,3565573770491803;0,3333333333333333;0,3565573770491803;;;;;;7
AAPL.csv;LSTM_withLags;;;;;;;;;;;;;;;;;;;;;;;;;;;;;;;;;;0,3580246913580246;;;;;;;;;;;;;;;;;;;;;;;;;;;;;;;;5
AAPL.csv;LSTM_repeatRound3;;;;;;;;;;;;;;;;;;;;;;;;;;;;;;;;;;0,6419753086419753;;;;;;;;;;;;;;;;;;;;;;;;;;;;;;;;6
AAPL.csv;AdaBoostClassifier;[StandardScaler(), SelectKBest()];TimeSeriesSplit(gap=0, max_train_size=None, n_splits=5, test_size=None);{'SelectKBest__k': [80], 'model__n_estimators': [350], 'model__learning_rate': [1]};0,51440329218107;0,51440329218107;0,3352887048539222;0,51440329218107;0,51440329218107;0,25627615062761505;0,3163472631162078;0,51440329218107;0,23981735159817355;0,35988048931732347;0,5555555555555556;0,5555555555555556;0,5178132678132679;0,5555555555555556;0,5555555555555556;0,5763157894736842;0,5742690058479532;0,5555555555555556;0,4214285714285715;0,44550264550264557;0,522633744855967;0,522633744855967;0,3362642169728784;0,522633744855967;0,522633744855967;0,5076071922544951;0,5201577788023154;0,522633744855967;0,2391898313138513;0,3659860264160573;0,654320987654321;0,654320987654321;0,5;0,654320987654321;0,654320987654321;0,3271604938271605;0,42813595488492606;0,654320987654321;0,3955223880597015;0,5175971991892391;0,6460905349794238;0,6460905349794238;0,3333333333333333;0,6460905349794238;0,6460905349794238;0,21536351165980794;0,41743297938999807;0,6460905349794238;0,26166666666666666;0,5071810699588477;0,7037037037037037;0,7037037037037037;0,4984723369116432;0,7037037037037037;0,7037037037037037;0,48064853556485354;0,5784131411746474;0,7037037037037037;0,4261348727368144;0,5953040419059836;0 days 00:00:11.254348;0 days 00:00:00.069108;10
AMGN.csv;AdaBoostClassifier;[StandardScaler(), SelectKBest()];TimeSeriesSplit(gap=0, max_train_size=None, n_splits=5, test_size=None);{'SelectKBest__k': [80], 'model__n_estimators': [350], 'model__learning_rate': [1]};0,6090534979423868;0,6090534979423868;0,3238898935101467;0,6090534979423868;0,6090534979423868;0,2505141916906623;0,4452603799009027;0,6090534979423868;0,2776495162708883;0,5117525543720208;0,5061728395061729;0,5061728395061729;0,5050776990185387;0,5061728395061729;0,5061728395061729;0,5050508474576272;0,5080962544465369;0,5061728395061729;0,5047554347826086;0,506827026301664;0,31275720164609055;0,31275720164609055;0,35042735042735046;0,31275720164609055;0,31275720164609055;0,4337517433751743;0,41024846324706854;0,31275720164609055;0,18686116121611376;0,16850772294789756;0,551440329218107;0,551440329218107;0,5481016949152543;0,551440329218107;0,551440329218107;0,5508602150537634;0,5509314571441214;0,551440329218107;0,5435243429556226;0,5452559649505411;0,3497942386831276;0,3497942386831276;0,3795232013622818;0,3497942386831276;0,3497942386831276;0,22060123784261712;0,2010402680900765;0,3497942386831276;0,2788430668651315;0,2551937572221844;0,5967078189300411;0,5967078189300411;0,6013495092693566;0,5967078189300411;0,5967078189300411;0,60180747637957;0,6056832160412119;0,5967078189300411;0,5966463414634147;0,5962569841747801;0 days 00:00:11.247838;0 days 00:00:00.034691;10
TSLA.csv;AdaBoostClassifier;[StandardScaler(), SelectKBest()];TimeSeriesSplit(gap=0, max_train_size=None, n_splits=5, test_size=None);{'SelectKBest__k': [80], 'model__n_estimators': [350], 'model__learning_rate': [1]};0,26337448559670784;0,26337448559670784;0,3333333333333333;0,26337448559670784;0,26337448559670784;0,08779149519890261;0,06936611966333046;0,26337448559670784;0,13897937024972856;0,10981086044422997;0,4691358024691358;0,4691358024691358;0,518944099378882;0,4691358024691358;0,4691358024691358;0,5396103896103897;0,5527497194163861;0,4691358024691358;0,4180451127819549;0,3946285466753303;0,6008230452674898;0,6008230452674898;0,3310657596371882;0,6008230452674898;0,6008230452674898;0,20110192837465565;0,36496275890215285;0,6008230452674898;0,25021422450728364;0,45409248151321846;0,6666666666666666;0,6666666666666666;0,5092592592592593;0,6666666666666666;0,6666666666666666;0,5854430379746836;0,6139240506329114;0,6666666666666666;0,43297899922219346;0,5543168265491314;0,6995884773662552;0,6995884773662552;0,3333333333333333;0,6995884773662552;0,6995884773662552;0,23319615912208505;0,48942403766363535;0,6995884773662552;0,2744148506860371;0,5759324026743988;0,7448559670781894;0,7448559670781894;0,5159062555694173;0,7448559670781894;0,7448559670781894;0,6255274261603376;0,6869997048149885;0,7448559670781895;0,4699549676329863;0,6568876472557245;0 days 00:00:10.117030;0 days 00:00:00.035004;10
